latitude,longitude,altitude-terrain-above-sea-level,altitude-drone,thermal-Reading-Celsius,audio-Reading-Decibels,particulate-smoke,particulate-watervapor,co2,o2,cell-signal-strength,bluetooth-signal-strength,target_present
71.29479820741363,126.96621117858052,1200.7782875001053,397.8137675716251,14.380950945195734,45.23977036076852,89.79468714171217,41.93138078106503,462.5377201070424,21.15042585074034,-70.15,-41.09,1
45.79659147383282,-153.3383354979154,2774.2256001611763,176.027668161561,3.5297774051560786,34.878489493395776,35.03368584432886,73.36294205294261,417.07868419543036,21.201248701945126,-117.69,-95.62,0
55.24429169613026,143.93972875726894,2636.3867152540047,17.707670936363304,13.518277312684996,30.47825609628731,9.934764822358344,10.358552773004027,427.9110902415929,21.163981230565632,-92.26,-96.63,0
19.38328826712302,-43.51887723609477,704.491357081191,38.03579942850999,48.658309889274875,93.39098724594862,65.92944311926901,72.13899757848628,416.80691051182544,21.557535999975897,-54.55,-57.21,1
82.50364704452568,-84.18364641514675,690.677985684166,227.8421792364646,24.826293728276436,65.17360538164453,74.02996730836922,36.96722379851188,426.7066589521394,21.055651982633616,-60.28,-48.9,1
-89.11302565348072,-47.30770352500505,2835.3989303262015,37.95627065638841,39.058029952407345,78.61904694108198,89.7279077936614,80.10428219512177,450.2015002001253,20.66411831016031,-66.32,-60.64,1
45.93575676398328,-142.6320525493162,312.5922198593921,34.9803863038416,61.001614194684066,79.1651695494017,43.17081938230321,66.9030385499825,446.87600259289616,20.535600034968223,-111.34,-106.56,1
-10.264118069817954,38.0908830190437,2132.9133275756076,204.1752435200163,17.600838949986297,50.67209480930861,48.43101781751326,9.704818714713937,384.96265385759193,21.35613075130661,-35.5,-76.03,1
58.49105131722817,163.46012875909173,1556.706653530484,230.710008991544,10.721048253253553,23.81557980577983,65.08381391962818,77.39864987196758,394.61981255834417,21.068232771358726,-94.38,-99.13,0
-88.51397894982796,-63.74384076503756,585.8917214108429,353.3145889514398,-9.504032210397135,19.51684102899555,6.575895678086563,79.23917849552939,433.3607347110324,20.36404691777404,-92.63,-105.86,0
-35.027871939802814,-58.656577285678,2504.6814090604976,336.2579322698288,14.4246130562036,21.771883670888748,40.86302463552133,76.61487840726156,391.96130004238563,20.50820909252142,-94.55,-104.87,0
28.601537204564735,126.05267586432552,121.89501994132546,424.77900969177165,5.337766759561168,40.555997725587766,92.51920198422174,71.70823074843192,403.9662711393164,20.80758615619247,-57.72,-45.31,1
86.48824761193202,150.43592214798457,1369.0886762369462,344.15593712816155,29.50904077186272,43.86827906669902,12.06867802712429,28.61042258321813,415.81410725174084,19.884522997448066,-102.03,-108.99,1
27.050095075101865,21.52250422635754,2703.3417932336224,239.1163861938853,26.838704348008214,56.96601867764028,89.19507196144603,76.15447291533727,410.3418544174066,21.158329152775725,-62.78,-75.11,1
-62.70540730831654,-147.42428760296306,2850.3914061287173,465.35424071949745,16.529828724918143,29.380234875061998,27.340063845127883,73.93065445304107,413.34886020685843,20.2181153180746,-98.17,-99.2,0
-86.145702999966,-9.612640324697054,1591.9731693124618,153.9504787681708,10.967045293130685,28.37077271338157,30.11580258471923,62.008874386137634,408.90333824392246,21.16375461181815,-109.02,-104.43,0
86.45905078837188,12.591995614214824,481.7933077403085,355.65826992525,13.333498786126178,60.794937552448985,88.11791449300341,56.175096911907204,428.5483944344311,19.73427815849611,-38.65,-49.68,1
-82.56818549071608,-116.83755529434006,105.47972618478308,426.7843747055002,20.816739172962446,44.11024092165411,55.73607159574442,38.16667349371221,442.0501899472705,21.059265243686212,-105.41,-106.45,1
71.82956840037957,107.42993884601441,809.256398585113,237.19628625976537,8.724581967868424,21.36339333403995,67.52024313626666,14.536562128021302,420.1763695127795,20.61505487455529,-96.33,-109.37,0
-44.237721050824966,45.61304480220278,2914.196915442239,225.32823458788516,40.64242943214735,71.00667822063971,76.90581072208091,34.00573051380259,421.19258130808475,20.9659385769269,-55.72,-54.3,1
48.18818471473804,-119.3614890628881,551.9368309089948,454.7485937316173,16.752445320672198,43.625312355401164,4.046742241590318,49.01265470084149,416.30654135932025,20.70865336791453,-113.01,-109.13,1
-38.52317048537255,-7.902670311207942,2127.117206977408,129.04818646571087,39.45375914294813,60.47732002229338,13.680602890955928,14.567619099287278,429.3141621065114,20.885542498206586,-60.4,-75.25,1
68.20474067048295,117.92951210736743,1490.0395576808428,259.20498836031345,25.09646135997231,58.11144475494671,42.41316841203042,97.3405501846842,434.4484697681971,21.82337796661425,-56.72,-67.91,1
-35.4574850259435,-22.917325727930972,795.4155389500157,38.18294851851419,71.43683834318098,115.56516721085438,39.2760077955737,84.93903140648895,438.1893734034402,21.911703910279105,-33.59,-66.58,1
-70.4458598073341,-52.02692303282004,2059.7822508786185,340.70645235304653,18.207261968501385,54.06667809276568,18.117101532462787,88.25336922261553,424.89723445881515,21.167526840508753,-104.99,-108.77,1
-58.364030675118826,46.28392124373639,2869.655660477191,17.343425355192164,8.7532833684154,28.973439316811504,0.8075956608176837,61.44812869783722,402.87548845210415,20.89061205542442,-116.26,-107.9,0
-33.69139075792303,-146.98931989878767,2332.788770704442,476.0814343203078,20.337077859319038,24.183489145453994,78.2636385843036,37.69056881943297,398.31130274462504,21.114136508621716,-95.2,-102.84,0
67.42469288326893,89.5868932561653,1790.9785269930421,72.89579650888335,37.48294546849193,77.9137691344308,24.151724885961922,68.07780418865171,429.3419093813866,19.97754723510893,-58.36,-53.84,1
53.95465706731608,73.3769856381206,1970.957340621899,482.671702239106,8.287068060107982,24.023977373852183,79.61417546679269,94.38218629053999,419.35837705190954,20.97838833589915,-104.88,-99.31,0
-49.468984414669535,-81.34676637781902,2172.1907696544235,246.17955208520874,15.883567721751838,26.351108362144345,62.91433710245401,26.990392723072844,435.5563760803259,20.817352419385514,-96.72,-109.91,0
-28.54952979940323,-135.85729731842838,2563.4559507472995,497.90524756440215,9.14628114644212,39.28252973943062,21.792804233848507,31.99553710178624,367.38484460879863,21.89116777669684,-100.0,-107.06,0
33.043606583123136,-126.88851008335612,2314.0208153750305,38.58864516915639,15.021753063692298,28.67594315083984,53.90590595325363,75.52117597155046,423.22942825221236,20.99621457235226,-98.54,-102.62,0
-52.25135532475086,96.83528644791159,1074.5166422004113,485.92568801307743,25.989294574711803,37.48763170350604,41.681993236922324,9.484964064981138,390.8040585651786,20.75475268900557,-101.69,-109.42,0
-22.4691346335663,93.7541185812363,126.47606922180499,81.62734813580694,35.213058897869026,71.32464852635042,19.131425588072037,28.37416666507224,436.4639705647178,20.50592087671165,-50.62,-44.19,1
29.07821879752312,-12.370626248417153,1465.687863745383,194.7748199113726,15.589529213588625,58.98968281781404,81.98230285141534,89.4603858271243,426.24678315654046,20.56503735894519,-103.08,-98.08,1
5.737205008629928,-61.13802520136912,1467.2239920042546,417.0961114814296,10.967988900395742,22.555637624034077,49.21991180378535,17.340743657204705,412.6124456655908,21.53475588283891,-114.57,-102.98,0
-83.93737855616858,88.3191602755935,910.392121217893,69.39514717156365,19.909497319592855,119.88782672052923,14.846004652158552,10.26388233242269,399.6521491083171,20.861966520355775,-105.53,-103.83,1
61.960348706972326,81.598888420408,1831.1434817896436,460.97373443996435,38.639486815526766,39.60959066257405,74.65576446313264,82.52813696399026,423.34003211028227,21.33447718620906,-31.04,-50.73,1
77.20171621306116,106.50613186663321,1655.4314668681584,403.9756517510408,21.924309102203136,33.830043865680366,92.09165973000609,80.04917161209562,414.1881329456418,20.769830770245896,-111.91,-102.72,0
-7.284771470321942,-149.70386938087557,1739.6704221322261,73.89614375485354,30.36341710127038,25.2722711834693,30.338698091551453,79.80236120811504,392.4884264143831,20.880272486366113,-94.32,-100.94,0
-56.05089343853213,170.1655116484299,2454.8829375522805,121.62952819140435,32.97476404743868,77.01073177523169,3.294992650801365,20.448873558100424,412.5036599153927,20.79804875601614,-104.24,-98.11,1
-81.56425772264862,93.1469882246048,526.4602977024255,362.7366054304959,17.226500558272132,49.83778006226562,31.749690961265554,57.788108032613785,415.704913356974,21.445662006756365,-61.31,-67.55,1
-70.43834498877501,-148.36197754870122,345.61329967106434,162.65768360224948,37.755416605920836,64.66697890503562,44.86790572435883,33.71063135438311,436.7727054927038,20.47444628800884,-49.86,-68.58,1
53.361823438989546,46.09542986578802,2883.5613716667976,164.628436740571,11.358568032690673,26.3433594476422,13.947627118052974,59.11125875328431,443.20458329171623,21.057523144255125,-104.8,-102.53,0
89.65560404339249,-82.87243871649963,452.61035801896196,199.11481663577572,19.723242117744213,39.0340387625208,56.533892451088676,10.681344464124642,419.80528622355405,20.40118927208854,-94.91,-97.73,0
-39.36477252056291,-108.22511867371887,2384.5905935481824,349.592356833621,5.925734134940761,48.33016270789321,0.11207689196082171,65.48058348293866,430.32822182243046,20.412089572875175,-63.78,-73.91,1
-58.172937118019846,44.29992972218295,2325.2855740918285,385.7777946789459,23.297174726407214,57.1770577287678,4.887417707329911,14.608704927246741,427.9742049429086,20.730944005835234,-71.85,-79.32,1
-10.410448416324911,-164.01029445655684,2918.5045452140457,136.83942345910117,31.969093118780982,76.02567295772184,40.218335667644865,11.078789968649028,445.09337733930914,21.492628406324478,-31.03,-71.78,1
44.051830641728685,-111.37541460819504,1526.7222943395898,327.88877410149775,20.458130593259146,52.96634543804162,93.2795142909811,73.62923684850101,475.977287101684,20.866457648384007,-44.91,-45.83,1
-6.572501551773897,-163.35968549491378,1630.353864913552,129.38982067405345,23.837128448355852,26.43655873936577,52.14735182027347,29.97595563258403,354.3983291805813,21.078721870487115,-90.64,-97.81,0
-57.182174647364604,58.79798717870392,663.451080129484,345.24277834414994,17.93309341186994,52.09769794015001,32.005138747279496,66.90664806140487,440.83157021843135,19.90319341205005,-54.69,-66.5,1
22.107067494694064,60.360168244943935,1787.4016957779331,420.68481466117794,27.11788458869475,52.551389017762006,93.28132748171288,67.55247383363341,432.88968328922533,20.93879475442124,-114.39,-108.12,1
-15.82917700830302,-63.35935501192755,1775.1554884860882,264.148911531576,15.228141563037177,35.32153171184885,20.460506497054187,60.575717957986356,431.0495734845656,20.7740485444112,-97.42,-109.94,0
-11.639994722631513,-128.8719493777025,1848.470553942869,259.1616117358268,16.625661413279474,65.07628056100009,55.895697819789056,9.515927989245688,429.8632829872804,21.38626168856692,-104.25,-100.45,1
-82.75904101087062,42.151178639502064,1215.1728487107184,398.30349167878376,10.699199300061355,23.12299220130877,98.83045033461096,85.99054114371278,419.12649385283663,21.80050965700433,-106.1,-98.5,0
13.86457049292224,-129.1290602112433,2499.300366894023,89.13261399894051,8.351826140204775,32.2334497836407,28.510973146733708,40.79164210433747,433.8044525033187,20.886558879672616,-105.01,-108.89,0
25.055783174528756,-46.99282497534543,321.2136300810401,394.3089523886343,29.838356474328197,33.48090394017003,38.90942939148179,84.15125569427367,422.5949630261499,20.646647134051115,-117.03,-106.43,0
-27.796423105474936,-85.18885158044205,2903.9282997294554,484.38202355245375,29.911314915231166,31.261459191363688,6.783946033734023,21.032833920690443,433.38465151349124,20.463698842082362,-106.68,-109.18,0
-36.0978564376359,110.84605606252262,1244.102325677603,64.98653647294705,15.07821171157311,29.859599708456404,91.51363961572176,23.317403562766504,454.918452845468,19.610773337041053,-91.11,-101.22,0
-38.250082785129656,-38.08665852572574,1478.1299746109796,218.21134998268468,19.426329025646613,32.05963071852153,37.7496813215207,99.50868461781796,428.1476989446818,21.13617385708747,-93.56,-103.36,0
-67.8742981039136,139.21349436791485,1410.2545995602122,195.61961796696383,22.819633023048706,26.474174278148492,69.02129569652212,12.817314842633987,407.2766186289758,21.464852559282924,-111.58,-108.03,0
-53.221101277866495,-84.94546630037242,880.96454307854,187.89031740526272,35.95140428652197,63.86911418029906,23.97482022109616,5.173098871947546,425.9388471071946,20.65129250546767,-58.24,-79.39,1
-21.84449480595333,-106.04684926873398,412.2489783166636,102.73524984694419,4.434085369081046,35.643595308103436,5.715990704366591,6.886427198922663,388.8522586941041,22.12985637400857,-93.6,-107.71,0
-10.893263131101861,52.04731250510153,191.80735031775598,61.413985464114624,43.98522987127726,115.12203813566114,18.218869773280844,49.40300009861961,443.36197755522727,21.174165675884137,-94.93,-96.54,1
-30.69442499109418,-72.44750218266681,1362.3506779277266,227.63387586250167,6.996517210768051,69.74605482863109,81.04277377731285,56.452276917172284,418.24337810290723,21.512793940712125,-111.58,-105.45,1
46.27093371759398,37.651089706410346,2902.1153739324664,259.4707224910315,9.199945356682846,27.33227140486318,67.485750209738,41.012360720903175,417.01013096653946,21.131759295568454,-115.48,-95.01,0
-69.02108419227102,26.622071373155165,1312.3624837643533,50.931436197307825,14.541625388655541,32.14891152210413,20.187859936143404,25.819998896951923,431.44089678625323,21.089444151173574,-118.74,-104.35,0
-79.97732904155407,-141.7007165486874,1418.786877850669,465.7848770350703,8.315357490258533,33.36756075889603,43.305003359783875,73.43226644220186,400.99913877471164,20.7798849836876,-106.53,-101.83,0
-77.65715975179415,-44.015432429532154,2063.8199713281238,178.92071328742898,53.376153706292044,27.663537401240017,46.14838456057281,14.681774024196192,424.74580331669114,20.318437379781905,-99.56,-108.68,0
-58.276362197773736,100.45262194074877,2492.2569308684233,137.66768873623963,14.888565632711915,28.31841875650567,72.32236870503208,60.83706353167923,422.8473207260829,20.61378270888364,-98.4,-97.01,0
-7.092831959276708,-138.53451030602804,1025.1304484944778,428.0423494293545,21.25820601433579,29.142892816663128,23.134020457275206,34.29522120551951,422.5231411947399,21.238856130125665,-114.04,-102.94,0
2.9428473083199975,-36.5182536842205,326.7834971908621,88.52425142543701,27.814360204418744,121.13613261918732,4.58596830715895,70.06961760774219,414.6840278854999,21.403714862877006,-101.78,-103.59,1
1.282773573271072,-62.188330862544575,2752.556597509815,327.64188296742515,27.536894602093057,49.72589564564084,76.18940003483775,21.409836492577426,455.64693623923256,20.496440234866107,-61.55,-59.71,1
56.223906528534826,-128.44135897082367,2822.106926651155,443.08826420217673,15.495173446568188,35.918634192122596,61.073896663684714,26.391774321310457,403.3116468273654,21.780241173797506,-102.64,-95.77,0
75.49600637908588,160.620323352227,1717.9227416888182,304.2385994133594,20.5128997317782,47.227057029497566,64.99608391618926,60.5058418081059,426.3386540419068,21.45968837932258,-53.56,-76.17,1
-28.64950549443089,125.52064534062168,2173.1950829355587,266.8469406045776,45.24759741072913,64.34155762521064,46.3840602898262,94.92112816783468,416.93632400856535,21.108346673366782,-31.87,-51.6,1
-89.41973727734906,3.7031910419550513,1198.0444930966605,64.7872976871667,8.882583759454295,29.233804782028134,30.38068645714269,69.8105702184257,392.3771381115266,20.471161762617342,-111.55,-104.84,0
12.610442052220947,-11.853708246724608,255.16031225377412,255.07953197959992,17.710181953344446,59.479245428184896,61.26503007927147,14.546112561807023,443.7733896311083,21.666605307473233,-64.43,-78.24,1
31.40757622376094,146.4962329182485,580.880748375547,270.89717426893054,13.240505588431885,27.320569352460836,18.93320623478082,31.47192286593977,438.54823610807114,19.898314876092737,-108.92,-100.95,0
9.602634565650959,-17.17989907881747,246.0829762858878,489.03489567759397,9.593852236960883,39.859650070119116,66.77172240943364,70.14378080220143,445.44351876289505,20.45117060359091,-95.76,-105.04,1
16.26103796281059,-133.14318011795274,2122.480659776107,230.6710350534918,16.354498527105825,26.902618483827492,26.411423879652062,0.5372514929492977,421.3050376156898,20.90286714469485,-113.06,-101.61,0
38.443818782519344,84.68996162408871,2406.939312485124,294.6926867906413,21.063478780292474,56.12373140838036,83.42889898830731,56.65119099806268,418.1357739455074,20.18116391768409,-45.02,-78.07,1
-47.426498716382554,-24.19149233350163,507.35702243880553,149.69864577008534,35.376416952287286,39.1138085480851,70.14993518259178,40.45792160700932,398.1703313014114,21.10547424641753,-93.46,-104.82,0
68.50555989582685,-122.60517533727176,1106.5722411615031,375.33312756437584,-2.114494807823749,47.05518558495997,72.82890312550039,2.489268230536923,419.5109259388011,21.541309862016547,-71.07,-52.77,1
-22.874028243779748,150.71948521174005,986.2835787442821,76.14948471864516,24.871968635683643,88.0702098896101,48.180819177107814,75.1167610828209,451.81340477037054,20.291790318784066,-39.49,-49.53,1
6.33005163874698,-95.8555303264236,1720.2163406686886,197.89477752276943,25.194321728330415,69.40916742976246,99.5659732223745,32.05268821674889,435.3979475768727,21.396827120859093,-50.82,-45.73,1
12.721605356989201,60.44843847568569,2953.26812606854,374.62459583047854,17.919348999213135,32.89952944558023,9.01422766924248,1.3232253602874833,440.00221085686127,20.989988541905966,-94.33,-105.66,0
72.24057508262851,161.33784194198358,1424.7117758267664,464.1386157505298,21.994465821953806,47.09516713310596,22.25236860115115,91.23626941698903,442.6120635267744,20.740744254253464,-61.56,-60.62,1
86.23753712811288,-120.89142159106659,1047.0039024623422,327.87446764199285,13.53139879247479,52.53096700224715,88.60327280764679,75.65323886515071,413.10876492969294,21.184397123153765,-108.94,-98.49,1
84.1390708590439,-18.440415279216552,2357.5336907446226,340.6129551471512,20.514435697332964,52.564954153365136,43.03426206840146,67.83120120670921,449.02226032931696,20.02143684666178,-98.99,-104.91,1
-77.97541908752878,-168.87410521196128,1693.4648472826696,22.50603123702377,19.714800560778002,35.50630160964684,58.86598612088603,23.229390499716185,396.94830607156223,19.834254995158624,-110.16,-104.16,0
70.43903994512112,90.87809939079307,1086.7822236018594,247.32619187393834,-3.7328984193427246,23.175010050989634,95.4362879365134,65.55111238240626,407.3025858794684,21.398519636851606,-109.87,-95.1,0
-89.72066689197588,7.45363838917234,499.78196991543723,252.37579853813182,14.272548103059167,20.28512858002119,19.43516962851276,66.42728755383601,393.8004461803259,20.561800763269293,-94.97,-100.77,0
-48.05168555736012,176.3055970398002,832.016101421602,320.5345494277488,6.948810459917326,47.81430352063522,5.903211692132871,57.808631930750934,435.76360770655396,20.85971433153349,-54.48,-44.39,1
-13.955029421555992,122.26122350132937,211.40587393885835,163.54731265767646,0.8254511833898022,35.538968627908105,84.28303969429003,98.06967363512136,402.76401231966753,21.63908479735304,-103.21,-98.61,0
6.415962557146088,41.18815774990071,5.005007502304593,38.32491925937478,46.45394866350537,120.03304527009394,2.182707841493714,88.734408814213,419.3216792991486,21.19240202080165,-60.99,-60.89,1
35.93336894144055,126.5281626313834,1156.1984730124927,414.30714100043264,11.584158821237612,50.58324846914222,92.39581141472667,31.760513500914243,424.7433886267635,20.359460353408746,-74.6,-65.68,1
-79.49201441513523,142.8543116732078,449.6472813354733,152.22242559003112,17.919741068752003,62.479901257048084,63.451932629148544,52.978854814722034,448.0797158722841,20.884052056016294,-74.56,-49.43,1
-44.19592738166658,31.41830294820906,2514.3178205697286,337.83106568216726,15.693856388898936,27.317222838217045,55.66139141560118,97.00394276832141,426.8195147274757,21.12620525710379,-105.58,-101.76,0
77.78729921213753,-127.0601578837726,1873.548255813776,45.19236841271885,18.468459478458882,20.747312472031822,15.897359270395972,85.2500816750389,408.9854061420179,21.248642207333273,-105.23,-101.52,0
-28.41194854521543,58.512902790653214,165.3377971797415,138.92477147818957,14.635315370456908,36.555653490334464,27.997076659768172,44.230436304319234,398.4657300443801,20.399572013558046,-93.17,-96.94,0
-38.017397035823336,157.0501515534541,152.71598402038444,106.63431452995938,22.165110249926276,99.70575570424887,43.07174683142422,20.17782171891145,453.4130119492049,21.069889611396228,-117.34,-106.25,1
-51.64915303327676,-146.8524371004841,487.3153640796791,399.3206485977503,19.62555398223969,41.303642035876635,13.426987949628256,0.12208213084076158,435.3407987852446,21.534388329431955,-45.92,-66.23,1
-54.7042278689902,-43.9654457583716,1981.8665088560633,448.6638444245543,15.740493570799677,45.332728134403865,68.85753848993707,71.83675816062505,418.922012569228,20.12240672449439,-49.63,-48.67,1
11.768709639834697,24.99209844072243,1307.863774550462,409.5020618966875,18.047444100327073,33.0306810843875,70.33075826906575,26.139848849210622,405.35220525774935,21.211667434682216,-90.08,-105.94,0
50.40715886396856,139.0824998879409,337.627239541321,335.15463527169817,27.059982868637498,47.732191127474174,38.6561680111513,17.39365198274363,411.37005917755295,20.55413184823253,-107.04,-96.34,1
-9.090038009118771,61.11512287806835,369.5384942230681,464.0359534955244,37.56366267208966,24.265449633009972,57.992234485886726,2.414973162034695,442.41286131905406,21.939274826061496,-109.53,-99.15,0
-18.714303335950476,128.4959231422194,689.809779093922,158.7505044134949,28.362795595668466,29.524198307381887,77.18644066093509,2.9959309205772944,418.26209020442167,20.33101407852423,-102.82,-106.03,0
-45.14471767871872,70.46858794326369,2723.1361869306747,316.6409214831754,17.405816411874135,57.16273067820386,30.670844414024568,87.19471191705688,459.37788383209494,22.004615467307325,-32.02,-59.22,1
-57.97646063947686,147.74227211880708,607.8820678088507,80.7044278112577,26.48692876972715,77.07151256999117,77.16983437322115,41.137357946376795,427.73024695842764,21.20135174171387,-105.57,-108.55,1
26.147151522835344,-132.42408302491557,2021.4769137100316,372.4998162204872,11.6768075978441,48.38397732972371,53.9280021987405,81.82755770815508,399.1727958083598,21.314389430385404,-52.8,-57.64,1
86.46690784608543,117.80312458520842,1541.3740978670432,370.5940305023975,27.689304705139588,24.46694430479081,4.29128333502814,56.29963923013097,449.14545433357125,20.612234426841777,-96.58,-95.11,0
-8.686261847412908,-100.85452933110571,2355.5939189023034,49.27258493704919,64.12312092813244,115.3599918465994,50.82741476581229,4.053549369594012,449.15237315212215,21.867099613243447,-36.0,-73.77,1
-32.04814345781823,53.596328387243744,2104.793073672436,30.99645508081953,37.25327240999203,29.340704102566757,63.12593675095034,97.62204790967208,424.0056855698485,20.650468134085575,-120.0,-108.25,0
-1.5131480328510776,0.419639772429548,600.2559284785929,433.47744795286513,13.7524132214211,24.556790676547493,6.975383588480022,54.94278486575104,391.25018686581353,20.96991932662879,-91.2,-103.21,0
16.56237867993522,52.19935515099877,1797.0779968785857,20.949160084986982,7.463461450831341,31.8290419093021,77.27835411125888,29.57554126717552,388.05049474469274,20.851098772355584,-113.65,-101.9,0
-46.566986200408486,111.82011386671502,281.6012376031356,131.9665923385729,23.641920971338763,68.51152477890072,52.88740458601712,65.06425116026263,448.386200550505,21.1956270451151,-114.84,-107.4,1
83.11507118388596,-153.4792531852498,444.4932003726998,39.58815036923123,58.3359588315483,112.49915702773224,12.344237712337314,89.3321279005108,430.66531674261887,21.73215244130257,-53.78,-63.7,1
12.649321921007584,150.8118550256649,190.8420241690193,96.41603488613279,10.23016690147439,20.136883596951694,29.624965232901634,82.81383087027554,422.1790025251937,21.329445388963194,-99.36,-108.5,0
-73.91924220791263,-75.3360998737146,2000.7417372479924,495.66433979519326,19.736110514657355,26.569443494415157,3.4570110138018806,80.17478899657878,393.869710980258,19.787564069871333,-105.64,-101.0,0
-26.799685557891344,-46.95908113027167,1681.494962568578,93.46770709737497,23.89665942087505,79.16252837379014,44.06819640097919,33.64288738162614,435.2162382858547,21.45242284553938,-51.12,-52.91,1
-11.262592402834088,-116.177724027678,2709.2969471127194,453.59405823872015,1.9344957369234557,30.85420197950723,19.130814233098757,77.73311281765541,440.04045477628006,20.770785596452452,-95.79,-95.93,0
22.481249308866353,-54.846451226747604,737.8759820241086,460.760906512376,-0.3455906248915426,33.655287779644866,92.87787808583984,48.265671481244254,387.71103560210395,21.53057657678105,-110.12,-109.04,0
31.194145220710823,70.36170346434722,2104.519052302729,435.9305773050446,12.923336832548257,24.9334380255023,10.983218230099101,69.84456090337045,448.2055596060543,20.91952114273356,-99.2,-100.52,0
69.85984367936902,-156.97544311435547,2543.001644836374,205.14049015149007,32.51150325292971,58.13180886546674,21.078541719991573,44.14975064647344,418.77937173745164,20.959042878763764,-59.99,-69.97,1
82.2675349948976,68.20203282424598,1823.2158400325075,145.4394007540631,3.838636707291098,28.46837447876942,7.596123997247539,90.5718526074481,415.56496836018084,20.98665327571758,-108.86,-99.39,0
42.723275045788625,-77.04329832383401,2041.7557444797671,35.42807133415731,54.91791365303365,96.37530655331298,87.86235269137936,40.73421748905894,423.2128407773584,21.657475682992775,-118.01,-106.57,1
27.34169497447553,18.962169698101462,279.16720464480073,447.3246388290145,15.611481993262075,47.00362387667793,97.97795083407058,82.85587193487754,409.46895756550174,21.30909902874913,-57.98,-45.88,1
-41.339667874882956,114.78774868202152,2669.8417175063214,447.4007677001946,12.800222106809494,29.736170438174963,47.16317635471794,59.50273817179299,464.7815693053214,21.22471959549486,-108.32,-101.85,0
65.32423799502715,-117.02251427452538,2157.75488861456,61.9438316870333,38.11266860611162,111.37343159373131,91.78179640805692,52.16571916953973,432.5073513816423,20.388824362087544,-112.6,-97.34,1
45.71278954352886,135.7544117386597,1624.6410594003264,293.105768099328,33.934252017541,42.97990940684994,85.05931185707036,5.815304980904445,425.1549397888531,21.042643160343115,-39.87,-49.78,1
75.10774756120134,-15.251298885536556,1905.6825519924628,309.4095046183778,25.867297066100384,33.01941538135554,22.17198698791535,11.421233266479447,410.4923095282163,20.76671701985171,-107.28,-96.68,0
61.85576352005836,123.53600656748176,2481.3418572212818,318.1442867751833,11.574521704514034,30.529901363514686,8.301333097845431,28.145580565263483,411.54427175662465,20.56222397483099,-115.47,-98.07,0
10.300644853070935,74.38518987159955,1726.0661030061055,363.08020155161535,24.124077647466258,48.08192046968868,83.74075558787695,19.409145725995426,446.94258409325107,21.425505662132935,-60.25,-40.72,1
-89.99936209490467,-78.22619095448127,321.28473512520674,307.8318637329096,43.90037673918637,58.631588161350315,28.96118016856327,31.691334855265563,430.7329663475336,20.648889521819797,-101.72,-101.21,1
33.69558274187264,-111.81439898607108,609.6712761759661,65.19306977175509,37.14334580379456,107.42229363805106,61.7640408735203,82.45521951379597,420.9834338849545,21.24474050240188,-49.89,-74.7,1
10.390613563564173,-122.6341747818677,966.5775062777686,241.15621026815126,35.37100506273564,57.0225640315684,25.28204059841167,92.43629478281495,404.32104636781827,21.42966328769468,-112.77,-104.51,1
30.422053807691427,-57.91963432188696,2423.3055300582673,374.2849818587704,40.23854247186227,59.74964734440963,35.201309671568204,65.91910306279566,424.37995866158315,21.296047945121753,-61.3,-78.06,1
-28.770170382214523,-53.70154183316478,1226.2566828275444,192.95661168690518,22.68635846223038,31.145784828425807,39.935747207488895,2.8193052639261196,432.1106323684431,21.302730378832404,-95.73,-101.24,0
52.70329813073499,175.57158579615873,723.0141372776941,205.77896385215834,12.75470229895462,24.889080804276144,36.982474913175146,12.86822652986731,403.3244133010747,21.286865219189124,-97.17,-98.95,0
-82.43239301718346,153.1563991823993,1976.402197669878,143.1781941542093,12.34714834124199,33.14603285735728,70.37399061743439,97.03086279671847,451.45555420297853,20.60576929962204,-107.13,-108.43,0
-13.081878577599113,37.015712141253346,1067.6062970227342,244.981262968528,1.6539785962360583,30.408223603162778,7.2124706448945535,32.68277703390652,418.6229316765576,21.42656442774164,-117.87,-109.21,0
-16.972990216259007,58.3434695583729,1796.0309891670206,112.03572476780693,19.395444305193195,28.537123656236297,69.43923616419326,85.45651668816913,419.70248228899544,20.579905133547605,-103.52,-108.87,0
57.29239515113423,-91.06431445320625,2299.223572898096,132.93152887779019,29.215112275904026,23.44560201394081,68.35638030811677,4.28140220730715,396.73944264818624,20.7333896690188,-116.18,-101.19,0
-48.04953524161612,98.07192659935407,971.3863347427781,332.58915365435917,35.16182166967121,31.875448604160965,79.55720226406441,55.62141181590524,433.48384752366434,21.364467989876275,-113.4,-99.19,0
60.50004580451446,-121.06503251374993,2365.9308118181316,417.1597662281545,32.80249162082851,47.06047342072155,79.19104568171576,28.653693407412696,423.7432993135928,21.750584675758855,-71.99,-71.11,1
26.575688538056028,-50.00653902904642,1153.9036906525328,35.054990137348526,51.84755951200605,100.09435463119783,0.8301057263051859,96.84370893202481,447.7589452646988,20.464297474020427,-99.35,-106.84,1
-69.0555923469407,172.3332936758988,1186.8750698543417,445.0373610958489,26.224854378656097,32.7156253059564,82.62782513967832,56.86850018808093,423.98874473027735,20.123035531346307,-104.44,-101.44,1
53.76707705527815,-19.28559315922854,2226.0168723057072,352.5790583221702,14.206560228452386,37.55504040792546,1.5093987351031957,55.876066726775,424.27665705428205,20.96059530848352,-59.17,-43.85,1
-89.34162567748504,97.70050087824711,953.9160428965484,111.39894117739279,27.315992124221825,25.55201026069463,41.08990328132551,51.35453793863313,415.78080318602395,20.05010999592853,-95.28,-99.9,0
-22.70893125132885,39.21298996543109,526.7317332602618,496.9376898614839,-10.69441890142246,37.89968831376123,25.802830795720666,71.55611557704441,404.3291537580115,21.33766454428452,-68.64,-55.5,1
-53.81407955356682,-131.53904961218973,2895.6810987427734,98.32688661543175,23.545667275733074,33.48416758034972,51.671826497531626,82.7693407222877,388.19701104516355,21.528765580224505,-102.11,-100.32,0
-34.95176571757394,48.02920226079732,180.9448650513581,114.30351552615738,28.869058885907755,64.3552309670228,93.35458736818093,90.92715288936238,446.8938912407156,21.299228541597532,-32.61,-55.41,1
27.58165668527407,179.70938891037622,2336.4231881161377,220.21569176361186,16.367391706967563,65.44137010840441,92.2606056867533,86.04249098365962,434.2827675575989,20.447052662318946,-101.99,-106.5,1
59.135921029905234,7.292700904633506,1656.7507557206527,379.6339510950009,27.953170434571902,47.759374690358044,34.86689479233056,67.2519941532157,397.73752194300397,21.323767273894212,-54.19,-79.63,1
-44.404829667794836,74.16342491250998,953.413839990313,129.43697209469445,44.25218432482751,86.14145370302899,17.79904550557586,72.77735244797404,417.6338963115869,21.56754847028776,-108.27,-101.44,1
-3.013544204700878,-128.98917488287626,2122.214361718027,409.86442322402263,34.19555649528603,28.853978925558334,68.42449767928102,22.999749256076463,387.9754575491732,21.12189812490397,-96.87,-98.38,0
47.8460921271373,83.7873974505074,2627.7792506891738,462.17236403212917,32.547670481467506,43.35130354524267,25.130635486807552,10.848887072618274,443.7070816888166,21.177191553529507,-101.24,-100.7,1
-47.60930513816624,-4.24895502959663,162.53116483040574,231.7953420694095,14.766165349785867,28.213704235609573,63.86600539118632,70.18533051982806,389.0806571689843,21.178066878745145,-103.62,-101.93,0
80.46121042720759,9.126045924294573,524.9159650724519,283.589616952102,37.91726754328237,33.40358163495951,24.695519602982465,55.633862288401815,440.4237376092593,20.54056622630282,-95.36,-98.35,0
36.210152152456956,-114.15228435540297,1299.3255747164717,489.1164068133,30.503137450757617,37.4710296594671,59.8552453784812,61.37024036009131,456.6289312694488,20.873621913015583,-118.22,-106.48,1
51.721841845894545,-92.5937235054354,2559.41529174361,487.4881478946951,10.19319954278563,43.700269277930545,52.152344064835354,64.98987593591274,407.6941477790242,20.63939422529319,-54.8,-76.35,1
54.35305960491468,-29.474869999353757,1606.7353212700766,113.25979746799597,13.17997691654787,30.747122502089447,82.54930409819954,98.38581846285052,418.4652514059858,20.18912572496935,-118.96,-101.26,0
-48.05148560051814,156.80442036670036,977.9141000189117,260.92699736057784,18.751208194731436,59.681391884861874,27.15357449733231,46.80778483220792,417.0404267192953,20.227479909046473,-43.03,-42.5,1
-50.78056553863108,9.249205585781567,889.2988261773306,113.4648417397273,24.85600090687747,39.20925640654605,48.22106267902253,1.2563705829861993,385.8742573276057,21.322428933534702,-98.89,-96.17,0
37.11048172807246,-164.6968637102808,327.7191298833586,460.1609345120452,24.706852354364116,44.512342704189436,26.081493271032542,14.33754428805859,434.89075271993835,21.392228271478366,-100.31,-98.38,1
-51.75923052190998,-124.61255935915213,597.6608553492446,256.8586154550187,22.25237735213362,23.99339490075263,10.05268896387701,37.39322742355935,421.11089619097845,20.898431948019873,-114.4,-95.05,0
70.35435016322077,19.44606426044939,1967.8598005187487,197.0301709211829,20.219933102760727,54.39277224253489,15.511682041586328,22.107345197190863,420.20956796427834,21.54377961874521,-108.75,-104.62,1
-42.96937608920864,-63.53219765616598,30.48743183720315,191.53711132934842,31.64369709607408,29.555628903888167,1.986257191485341,77.11968277836493,438.0107963609451,20.578260934769677,-90.8,-96.49,0
28.271770756032808,156.50113087260667,581.072485008983,379.4928305665498,27.489041356990395,43.22938919007338,12.538729426968631,5.201597814910553,398.08838560807567,21.063913445663967,-117.94,-96.74,1
87.54330829014165,-19.504317840631927,53.88680114755506,208.8876773986959,14.468241168252394,28.54259602127599,33.855868240463884,90.92993440882401,454.6434564968689,21.579447481813318,-106.05,-101.23,0
15.540486130749699,15.903580728014475,2468.829704954898,12.109802140505904,58.32796584405365,89.2360294462225,25.690984315234168,30.84010484817865,388.5975305704243,20.74270398704591,-73.41,-53.46,1
-63.62541295690552,77.30941555867679,2972.8091318678735,110.345869190553,22.354623630992478,35.22333248739663,17.326474721590323,5.944363737668112,449.75551582179503,21.53868807938865,-117.79,-103.21,0
-38.34973572908005,95.35966253961976,2969.398478752238,326.1791283102017,26.20309916551814,27.277133659162637,91.69357311792969,65.39274388702289,424.9127572785368,21.629595778245772,-108.52,-95.27,0
24.92107524738381,62.01513107004385,2261.316257647106,486.91195398650035,-0.9141667655322312,48.58487395878423,15.586444938428546,18.968391859253618,424.064971584467,21.545039077418686,-110.53,-101.54,1
8.79523009670875,-78.34930606036833,2833.1081883644047,90.39829885977183,43.71251126723284,103.22684035024567,22.274235021448664,68.70334016959893,434.1653009593477,21.451122486848128,-62.75,-66.42,1
-66.30034557387499,165.15668847698868,2096.0026009106473,248.79501823901018,25.52517066899182,59.19524721300451,53.54006825316709,14.998015315721503,430.15469960512644,21.218057366633467,-52.89,-77.43,1
-40.221344863856636,72.72511012653186,2368.0175715013047,318.98500971110707,35.02505858239728,58.95500786579296,40.073156719515126,93.913065344043,459.85439444064417,21.83604382271939,-62.5,-52.0,1
57.8587307492333,-148.90573659270572,952.8316425085034,38.62188067992663,54.35714929561975,79.62162855269537,49.80094863532003,86.57182504683738,418.9046142362835,21.105902209689038,-64.68,-75.15,1
52.55348461905999,-162.84484180878297,2255.565149489745,254.54677510753763,18.69945294385807,29.558641597789187,17.3606298324551,24.691848294072404,395.7210006295658,20.280138307062163,-96.1,-99.71,0
-55.19008962701334,103.35937924813283,616.4279830534974,401.7146025881406,31.383229000063928,31.858425548952013,75.09113368540271,77.52132485321496,423.4062576474854,20.56953506747693,-94.3,-109.38,0
17.591538519909193,34.34888026208148,1278.3694089660569,315.2953984886306,18.2028107500259,48.334091145420004,93.37955726447376,62.22860734992981,429.73968134278925,21.286685060736108,-48.62,-62.7,1
-67.98258390221731,-4.220317739199288,1154.3047911360995,480.5763034935607,30.72580120600712,28.066522386294256,26.05230267012909,38.212606479857946,445.7243473697316,20.88661771363687,-109.67,-105.3,0
21.9245477447202,132.1104735310737,2224.8255035547118,212.52982503728552,25.831598537153887,53.33808882822005,82.237725365157,25.20169312353714,399.5417111878777,20.689281189043555,-33.96,-78.26,1
19.42792968190895,-13.001503761279139,547.3376376059679,106.58842601871774,34.40419004123155,90.6992181573517,69.62087150669552,93.99471851715607,450.8504836934799,20.241281865333804,-51.39,-64.09,1
-82.26637354281071,-91.63452313152074,1169.1058994076816,447.315835445421,36.224184651681306,37.60531808425297,10.782433252959777,3.8769773633526072,402.64974645454896,20.80547039932595,-103.26,-99.45,0
9.964637737787783,-37.031524940096716,1229.04083548038,65.79487048415155,22.573276503442724,23.853511366238983,55.54061865082578,70.25798878674978,423.09472416333034,21.34171271580998,-100.75,-98.75,0
-80.88766143869958,167.1401408056168,2459.3618999827386,462.02103045098744,9.843223017711123,44.9715955298132,90.20300553366857,93.5165824501345,428.80594183912666,21.677121894806877,-118.58,-100.19,1
4.387811888712676,-125.58303149662349,788.4097216186525,490.58425614324466,29.195675410656506,43.32816866599926,90.01569383723813,2.7929935568665964,423.7690476093749,21.026628784085567,-109.48,-108.56,1
-37.14261828009062,-69.82936533126963,628.9999704918921,346.4976107558711,32.67122614041869,41.94578545956102,53.70829787057263,48.1831292121168,457.2463756609875,20.29498073166522,-100.36,-109.63,1
53.637947080130516,57.52707365510719,158.4240459144268,221.13362777493134,18.388794190654124,29.860801366774368,43.015114355848795,25.191890748057013,461.44060076714413,20.568167588099783,-95.11,-109.81,0
-36.19304912341773,166.1403813869179,1751.243939608561,462.04500596715695,31.473105301812286,36.16150297494477,82.1447919036606,85.24570116115989,409.8100514881217,20.883591569552912,-92.88,-102.32,0
-5.021850204933642,-30.61664758914756,83.55276037511727,290.1843240239388,8.512161149992533,57.14162723758005,75.46760789247357,43.91626730177405,442.34923217352025,20.146224935213635,-69.01,-58.93,1
-81.9886829869582,105.7567614821931,1029.1391145513157,171.15823415761025,12.201689338340753,25.57035473867373,70.91284106746288,49.41148138754959,420.1087181353889,20.542730478553313,-104.19,-102.65,0
15.750106222022637,134.03306641147407,1215.3102687378332,397.1881798129961,5.223746764542493,52.08728039534625,30.285475105507153,1.8641508805411267,423.77017038291007,20.476142855796432,-58.68,-62.23,1
82.5951663926659,83.67480700591852,859.3813111441367,34.15304522408642,28.23263690072565,31.30092715764303,65.01037119417067,18.530765603442212,413.2122420566112,20.40788269261528,-112.77,-97.92,0
-12.969287318742786,24.805307682146918,2150.6508062968383,395.04080999696276,28.277040413420877,44.44940591485609,1.9268671914710156,22.456780580681812,400.5339176544135,21.15522227604531,-69.72,-74.25,1
14.990312505038403,86.76268151765152,370.3589746752488,386.6771431175871,30.327131970188248,50.14548685441554,94.98252551163796,8.388548685748487,434.6537444262776,21.01654005902599,-38.05,-59.58,1
-50.25697552088833,132.99645038817818,1100.2498274377303,14.140738100783558,54.036114574822165,72.38630705383804,5.820061747415783,8.520647619024402,421.30255602573794,21.046207691160586,-41.25,-66.96,1
-68.6769361682297,-24.725970870103538,227.19777795629926,300.05043888881323,20.31016143801957,34.779658814222266,84.64904605803567,55.11872528847104,389.959346041083,20.128728916632205,-101.86,-96.7,0
-65.07694147755547,-163.75103148229664,769.8204913917596,236.18151399958745,18.803290781757447,54.0293387042429,83.91067360594045,79.81661865041096,427.0917495174301,20.961374338673473,-65.77,-76.94,1
38.166896388862,37.7352106793349,1931.2687246227945,337.4118821807996,17.44179829870353,23.681622701856554,79.33931720736965,51.608278153590895,440.204209873924,21.16583396750447,-117.84,-106.92,0
80.71714481851274,-41.00947731963126,1116.606030830849,87.57444242289387,7.582640971698835,19.368880963454963,86.47088644706939,13.752693126512494,431.19830313499943,21.101171256629303,-101.32,-108.13,0
-33.70539011923083,-19.003900418185964,169.51761669356125,285.53036788396435,26.169777790862806,31.423220399009058,41.46089173396942,38.1134130954351,424.10119221517834,20.794153101997633,-97.36,-107.64,0
-19.386006416610783,-177.9472920443882,1037.857675899753,116.4146331936628,6.8470978389585415,80.84664264916486,7.193479662333758,28.992294547289,424.19531582631487,21.390802099132834,-35.06,-71.14,1
55.68168152196026,-106.75977972250884,2800.2565291217975,406.27492484992507,5.180332196464658,29.80489970242823,81.88612904931736,34.50751183254185,410.68238334644843,20.817653387445986,-104.53,-97.32,0
-45.97667870457742,-69.67733519750314,98.11730547710617,170.26941726307405,11.189615643256312,82.61061930716829,22.008149106502948,12.114754680208218,443.68698938523625,21.80749509842527,-111.13,-99.24,1
2.224142105492561,-31.81757008087814,2996.6486966220095,299.59539572926525,34.100214385440175,63.588609400063305,48.76836619960334,79.67728954216877,378.9777230726554,20.867395730663297,-95.58,-105.84,1
80.26388824472116,31.861665025008307,788.5002550912169,387.89863817724955,22.279805828530264,25.62472898863621,26.21591548977962,74.219569020846,373.76869446523847,20.06670827181377,-112.7,-105.33,0
-30.905425229928873,110.96173728801386,860.1804123366766,125.84813070014748,25.032731256160073,34.71196147009834,3.223623672351894,49.94830559646568,390.5504797263544,21.66677385795625,-95.61,-101.94,0
-51.00712160337402,-160.5960557280746,2358.0434117617274,364.1941619652584,27.863241305535865,50.601542669680406,40.492384207497636,13.580850552326307,428.5266956727624,20.31281106264133,-43.47,-69.87,1
-23.100927099029676,-153.7698673889956,103.72065777515371,277.0528646038379,34.31520440431473,59.39518409118168,71.56627072883859,66.79324281282246,407.21666123690324,21.01646908616356,-68.87,-68.57,1
-46.78116825475489,100.21007375925501,1964.5455857690094,255.54097207395694,16.83049189047948,67.7949393146481,68.83376840325198,20.450303546727277,438.62491700109166,20.42089887247324,-31.04,-72.26,1
42.85738384065516,-87.75362959355796,73.6092845203854,384.56196055673894,20.30891211400169,22.97710003058543,51.6379649124209,0.11220363831289104,412.1201351779604,19.966576600183128,-119.25,-109.19,0
19.321387377132467,177.4868190657375,2350.281599028435,167.00024348315046,20.19338264627835,64.31876105198775,75.33017382606201,55.870157180447265,413.5140992936171,21.687785720264397,-103.32,-102.2,1
-36.96234764089361,-147.4241572929309,392.7251170675832,481.50241943444917,35.550334252933524,38.142584207283434,41.367678247335284,60.087984233409344,439.9837192614399,20.673194334389272,-91.18,-95.35,0
-73.71046293763482,58.06241641169126,2465.8516701363433,39.2980535629589,65.33698910720508,110.89713290828406,9.667349101864586,33.128503356523545,421.40123329697315,21.081743470675754,-103.77,-101.15,1
-50.972917494426866,5.2268480925830545,1767.578107844697,90.30262169001008,21.42814068245272,30.202726455045074,84.67672583855757,5.123729128290244,405.1116148981469,21.337265730677146,-112.22,-104.85,0
45.495815152237725,-57.87158195855913,1158.03141053882,61.58468957663885,13.50410086003571,35.5248883078364,75.79239898812001,62.710295733563285,402.8687153175296,20.997117296693293,-100.96,-102.27,0
36.88353024885856,77.73885405816782,344.0661460500777,242.03236090522378,25.14142911693368,26.272840867685932,45.20560582077181,44.43373693276581,437.0159854322947,20.71848869236068,-119.06,-107.65,0
-8.062222575588194,138.8673314955231,365.90719884677367,301.2691785225929,13.617913104817568,27.36731943842925,55.715405975720145,44.667436757633425,398.0133468086113,20.97363026564733,-93.77,-101.65,0
55.79390120926482,-18.667871086671397,813.1416635702199,71.1057830064913,-2.599664245119172,31.521593454893065,24.97614716893516,23.235466061326704,447.6784300903664,21.293510517523348,-97.2,-100.76,0
62.07688998666518,-115.9385802543027,213.95419560363328,248.34349805519608,25.3804231434797,62.65502968446036,68.40242307802787,88.26900619511385,447.5719648719659,21.21588959454101,-44.66,-77.49,1
-88.40225600883775,84.66131617676746,1698.7080672320078,315.1074854306375,32.1969224798922,41.64543470904992,72.31854946008718,32.594332707391125,385.87699569385353,21.238362700471406,-56.67,-51.27,1
-45.01759362274673,-58.05890254365842,2343.7933368298777,323.3111464283505,33.82505619193117,26.623056334800552,13.061877353576568,71.50435683220118,424.0617010689508,21.284265736898284,-93.84,-98.7,0
51.74012182099585,72.16344487248236,2168.256810896236,446.67573488353383,9.630731610900725,32.60153763969679,39.92233135951658,57.25546539710135,451.2456099566074,20.31882435303978,-110.94,-104.46,0
-32.6409199541724,-128.56885675793535,2429.3336746635846,350.24637307043713,15.036440313445063,33.49021010278875,50.04239174351509,70.47835818685492,425.65782684595405,20.605925890884247,-119.55,-99.25,0
46.28607975937524,-34.975731987251095,463.93966494020924,38.78118891570777,46.24129763815003,86.29777338694616,58.59639247983112,81.34939022039322,410.50041373524,20.991851640054804,-69.86,-65.35,1
-50.17591035916178,146.6226581340652,2276.498632169349,311.20105795626176,19.328650334699294,52.388194458286364,81.08775002683657,43.76841073537193,413.28820273601826,21.601515675927967,-65.04,-45.69,1
-68.29249805869192,155.00564486609272,2396.287004134607,333.9802438116412,21.2630953277963,45.22505866787907,42.90400637802991,34.07114796659603,425.86672711467116,21.23832333563527,-116.01,-107.35,1
63.943472108180885,-156.13616675088045,283.774215358224,234.94220918237195,36.77848063003567,65.59653986046268,72.45266372048775,92.40526081690389,411.20150993484856,20.95008244194402,-31.93,-73.9,1
-44.015520589710924,69.53310756408453,2630.233639838037,450.42502439440904,8.556409229423537,38.856307979290804,8.982683636821243,87.85974644228332,429.4753440152661,21.36132756665316,-32.23,-59.57,1
53.29632999502027,-170.67657148514584,684.3263921172679,75.5568558041827,34.139224135087204,116.46016821124857,35.25018156907693,64.85054884388177,474.4869697188099,21.137563263174847,-41.59,-52.86,1
-61.43251716608479,-111.40341686714649,873.0273302873513,111.98455910092338,22.78905913570553,90.01092030277484,63.7240290436628,60.738776027310195,442.4667297854424,21.276293656447947,-32.8,-48.67,1
73.57796836436535,157.21957530736051,2589.564600949008,242.55715798707396,6.9144156960544185,56.62222389557778,89.49121254445761,38.24544560193582,404.90106981947594,21.5212516320673,-50.76,-74.29,1
8.618075368906844,127.66262166934189,426.9212867864238,486.9652809955855,18.652087160306447,27.819398860233136,17.040308009498283,59.83836196742976,420.85930444560717,21.152169822260596,-98.01,-96.73,0
6.12846030445111,-73.5461914295339,1489.0723266988703,173.143372826068,23.101845003990533,22.647634268097065,25.54651744098929,19.98551256709139,424.4907942492287,20.74298134266122,-90.21,-102.54,0
38.046285340831986,-179.8333490970171,1493.186782696683,217.6910295415892,16.746716335219087,27.558192449003123,57.82468057360061,94.42953237403263,406.7246793997294,21.500272208530138,-107.57,-107.94,0
-33.60390571254952,-45.19055221301264,2531.8509657617606,20.33072592950832,5.485553192859264,22.800626071033474,97.45896135309162,47.33327398937066,407.0221754041406,21.068599532358036,-118.18,-104.82,0
-49.94278141150818,144.6378389311925,1346.8115248935615,80.29593365519118,18.452761507122037,23.736192621419967,59.43638335975597,50.02615280323624,406.4441776062279,22.011881295333744,-109.83,-103.34,0
34.81816836233604,-4.269239768728653,589.445712963765,407.1048120684776,21.288928278615046,25.22125235705488,87.33651193840869,24.856516695043986,423.5195273233207,20.122479322259103,-110.6,-98.1,0
10.444297346183134,46.8360574257396,1263.3070236275723,269.01351335152026,2.7256726227439785,31.53550784778,76.04121265706985,11.793905125155213,407.1989783945474,21.647361083169397,-108.43,-104.99,0
65.52531781734993,10.236509709025313,2400.2774221762343,467.6373752487145,21.97404051176556,36.443225608508065,12.147791429290876,74.65655925764592,435.13349435181283,21.351122700747204,-90.32,-96.67,0
-13.016077656297568,33.546523919331776,1205.4773399122446,412.0837647144249,16.852581848869182,28.249780216687427,78.94560739018065,56.03286504440991,395.3151149641035,20.952254523763166,-99.65,-95.74,0
-44.40664282472665,106.94315471942065,2233.2400107069784,56.137112279509886,53.29245756785708,75.95621908615391,3.9447162340862985,81.27890390281999,455.07188091379254,21.219968563936778,-92.69,-104.01,1
12.59691480293337,162.07996458110534,1873.9955254514107,312.2397575757751,19.8102603609897,43.9862887532567,92.84549500242743,92.18215221066423,413.1549460643179,21.18242045874516,-35.26,-65.18,1
13.25659172784242,-128.32156035467986,2149.2693548491325,397.30004048129,2.4661181703694686,45.987944647092775,67.60235506629728,61.97656309390275,433.27806227666343,20.853109973442038,-62.75,-44.57,1
-28.301612260973258,34.75408600013279,1958.5084649984624,92.9300412689432,28.324001014266877,24.9147293011956,41.27086553764892,67.48240389171613,395.6951937445192,21.552846231669577,-104.8,-95.7,0
-32.6795378253689,-34.42740184863996,154.23826259333973,479.75449133107014,28.306783449814322,39.94496364934385,32.520588159312666,38.737800942037715,393.22068804567664,21.525352483466484,-53.13,-74.21,1
19.94590584023649,-50.291670466233654,2334.287922373954,104.19362412773773,19.503056868905926,28.801916138052935,12.806402871322021,89.35351876043387,457.2356857219447,20.46275015639044,-119.05,-98.84,0
89.7875775509724,-145.82545236063476,929.662402064391,17.375843077205925,69.59570115226063,87.66337313104535,43.625554736806514,84.63278106775651,447.7329273190834,20.232685308113762,-65.38,-51.35,1
-32.551387700837715,-33.98181934258676,2097.7482682576588,82.38172173606313,33.854348393351806,22.74441077232395,77.52260334499776,6.142571148167364,425.50901365572247,20.316240949116796,-109.77,-99.51,0
-45.57754474733041,-175.19258548174813,2471.287836837154,390.3329772855276,27.152119485462812,25.39711419990887,51.637769584820404,12.827513161740733,445.6714756425348,21.27885925169093,-108.9,-103.92,0
-78.71676019257129,-79.57216261861568,2544.004683483533,439.9609286625108,20.86966629865259,44.397449104673015,53.36542920769769,33.10011197438062,426.09017044250817,21.110237422899505,-48.57,-78.34,1
-34.801684364156216,-102.14853495486429,1745.6819155073083,419.4372556751217,19.056119634425038,51.3173152209047,11.178090656712481,77.42984126300043,429.3878926287065,20.67553574543491,-71.78,-79.78,1
-52.82913149130955,67.57263951321201,1732.6431744179379,275.64377068148804,12.702460545333885,36.961190678970304,91.75597870041632,21.279716962722294,418.2116035541859,22.46216003995735,-113.72,-107.25,0
10.296629713315141,132.16012650941627,310.5712597023174,471.9810076170995,13.139460044180787,43.601645361138786,6.186016651508252,39.01912709137903,433.36696145394336,21.28168661260873,-42.98,-69.13,1
3.295534770517179,4.515641701660542,1386.707538659277,281.9255144943946,16.339040059908413,43.65067280216171,26.275837632868992,78.68645833595377,421.8907170325156,21.082314716715455,-113.28,-99.88,0
34.4723162807057,164.52663195852995,730.961892479777,255.94934871805637,38.53386764701925,28.805459228683326,49.5194424807373,22.926646416354924,437.7091487201055,21.07586772466093,-112.34,-102.63,0
-42.97003476321226,-123.19836017383378,470.34757320107633,322.13602030416644,27.87372524272284,32.4087916208973,5.330154996501646,33.658938046659294,385.0924818248451,19.77676497365577,-98.49,-99.89,0
-22.058171199664642,1.710715845317992,2279.938571474401,498.3751446934554,33.746869668678926,41.346983714411216,43.71449784396704,39.30531189741162,463.67822032410226,20.417778501998438,-36.52,-59.54,1
-87.82485108377305,10.431949583031837,823.1850609687932,33.02457549141761,52.739955724770525,69.8774188772611,19.585143648494498,47.97895938691967,399.4513980166583,21.6166583238152,-40.4,-40.76,1
37.52111796477132,-128.79211573942473,1538.0457464536732,129.41119264963157,1.9096919198058053,29.03053555211846,37.6140884224118,11.877655319045743,451.10225928912143,21.481410487346025,-90.36,-99.4,0
-80.34396233667832,-54.639830412978455,1262.21134387823,273.111103716049,27.601267536275635,47.35300752055348,35.65296521556034,21.269130458560305,416.32232904716017,20.895685439448346,-63.44,-64.78,1
65.07878381678509,31.078736580160353,1762.6551605567984,497.5167073994555,29.25529360164583,33.590382134838954,29.712379074133377,45.158182841426445,421.5308076561946,21.098723793683078,-115.66,-106.44,0
80.9712459489717,-54.09980455573445,2078.028235377897,283.13090059768206,13.290662076717673,54.45213273764247,35.081592503866645,35.64776563965537,401.9199624967729,20.88011491437342,-107.97,-95.62,1
-42.38817919497711,-34.80678384210543,2644.0388708710557,281.1659128835711,5.053618998527311,29.023066692454382,32.78759060220511,19.59068887061408,386.1666443243592,20.558465849097406,-108.02,-103.15,0
-18.77544761755003,-130.6177826454395,1613.2947560246016,149.49685935218724,20.30447487161122,76.97197305328731,28.99832393199161,6.0937430483129384,460.6250539554154,21.320149862680477,-40.49,-79.73,1
-36.695932166710406,149.22758208028017,138.14807532907415,311.7512982507137,18.84493396727289,28.645302462369276,71.06318968108542,52.897830623993784,388.1607199295927,21.51201292525677,-101.25,-109.35,0
-71.67216558975369,38.73231388884639,440.3290413172711,411.7897219773192,36.20953727683158,54.559534089833875,64.17400360896157,4.1400914136313745,410.48660843791066,21.13439566341838,-52.58,-75.41,1
88.06004784567605,-139.47255625959235,243.85306603123001,308.19136392733526,26.304470302936316,44.192205385627304,51.30990277138302,7.226989660058891,422.7027624974262,21.06778914720709,-100.62,-102.56,1
61.580326115802734,-24.589189611582015,2434.2190899302186,140.08856429512753,28.759031225697306,62.54196719715357,14.228034372760124,5.701640622503024,403.29304907249747,20.669064564857358,-111.66,-108.35,1
-77.21553335439873,62.34650592615864,2505.1595175618913,234.72007757370213,19.128756671683487,33.065337759320016,93.84257447822353,68.29558895725405,423.4520510733563,20.93577720017832,-98.79,-107.81,0
57.13958134560045,105.8425731006248,484.94516406756173,131.65295151233377,51.9062975575372,72.80687562199009,85.6426866873419,94.77690995265597,404.9319657887472,20.11385806431921,-43.39,-61.0,1
-85.56182587074089,-165.1699474180347,331.8499477643719,132.68353221217345,17.73575040775955,33.952036775928235,98.30270404251347,18.37359457035045,401.4525818698913,20.320449638867213,-90.48,-96.68,0
51.34941208887341,-107.55342301038812,259.61835121471154,10.756285007725973,4.371299625460267,34.8243198564936,78.18094393853858,57.57079605417121,391.320745333647,20.63230863027806,-92.67,-109.96,0
-32.09396761126565,164.99660128963217,2777.1517875877353,436.1773806121666,25.13061724424412,32.91324545579401,33.71757889510841,51.54709797150324,418.6173799082592,20.90854055411671,-105.76,-104.11,0
57.69141783152378,37.55673462085534,688.3523336936621,169.44374806363726,-7.559967549997527,33.43689709679107,95.70114038276846,45.011914377312166,450.1240521819856,21.919592125842318,-101.94,-98.51,0
67.20484753530397,134.8798115674864,1915.4293329320133,358.7531875328534,22.135180827358568,29.846620079046843,96.65998869894526,65.24900611158601,441.86128955437863,20.265004982802285,-117.26,-107.93,0
-80.2631383925751,103.21059400718934,1399.4839908610338,474.78976796020976,8.922056613094368,30.175956325016067,6.4191253254499365,7.699101020764165,420.0880720269705,20.796975998147513,-41.39,-75.58,1
19.30121307372589,30.49259846422845,1420.875187243913,376.6928761386828,7.414436451398955,29.141240618205916,40.29591538192042,75.44398637370061,421.4114144159087,20.865785211410888,-103.69,-104.38,0
-61.97997586594871,-97.61619178625182,1287.3686479190517,139.90120751173518,27.680118569727085,61.59262936714744,48.49173122671824,76.29069399208447,432.75028952419905,21.45145128954132,-70.42,-49.19,1
-22.078214572325777,122.41875320471087,1436.0726993391197,74.18566449689138,7.630795177445847,32.500618903598486,33.460542382835165,11.610286671949199,396.8286366319214,20.809538523382212,-105.0,-107.79,0
54.70385047063061,37.01822164003144,1761.6943906828224,388.6307207374247,1.6395406800978947,40.45823011890823,24.36184590021604,1.8150696015745371,420.8889488551109,20.601123462200256,-53.56,-73.37,1
-55.7028230239553,108.77132786246091,1000.3812535456482,106.5782188150733,20.830767151168892,94.7846498456021,92.29373660890823,55.74383324425577,442.91559047633274,20.041514175559474,-95.23,-102.97,1
-77.74530629438863,76.53730063047607,736.6068209643911,171.48337186398132,25.31329648544544,68.53774231195581,73.15091132625523,66.77607426254403,491.63829824099037,21.198435811109462,-44.45,-72.32,1
86.69397199821776,-165.13675482635873,1085.2167771381019,276.58383658891466,8.108044309243102,31.67872631027189,29.045743104719058,41.66388555420494,431.74021813086415,19.92296397737838,-92.57,-103.01,0
-41.33959231529009,98.27880793661649,1107.0015149507574,41.31899037370927,-7.291132817944124,27.285597996846768,14.635338081735172,58.87848194460861,428.1694039515704,20.903460206793582,-94.04,-97.7,0
40.56871193906929,136.30087789448095,374.69596030428244,237.9005455836241,45.78402954875845,69.9204814211162,68.4043912868056,45.815773051386486,406.47113159012065,20.623881990621538,-118.52,-96.34,1
-7.099508416931599,-39.44157458851063,335.61333295640725,40.25802252133751,64.61481050468402,88.6791591605014,11.248059825199629,31.933563356161766,413.28205423121034,21.64280755841422,-96.07,-109.49,1
9.263885739345142,23.981968091540608,287.860445933661,107.36251817625897,4.449657106881297,30.539269187469948,10.51625424690753,65.54527300742433,435.6842583789104,20.449247169809187,-107.17,-98.81,0
-42.08014872860435,-165.66745728495357,205.79622135476427,210.9945357961023,29.18088245521018,53.20808929141422,27.162660289036445,46.276584861736204,444.56322100486483,22.073850545950073,-95.9,-95.88,1
-52.83334721692797,80.22936418360655,738.9935662100114,65.89580977220095,45.34087159503282,93.00434973017397,18.363337414215543,0.5092086445426913,452.7223198456795,20.73563513337153,-62.47,-72.73,1
-63.29023836864732,-91.72211158533594,1172.5823864845595,356.82892164874517,32.058602706424566,16.17178360212191,96.65730761709305,17.049151565301557,419.2945604933225,21.623829118526363,-112.64,-100.68,0
-51.733825185686364,151.07324174148857,832.0356770664448,224.99007269078098,13.591779952652361,26.79461672260917,93.85014784858423,13.44020696645184,397.02213736966985,21.137469460456714,-95.32,-95.34,0
45.38761735106786,-28.501622877632627,1364.9726603400143,438.281707528979,23.14741787520412,24.79498861470056,35.80279958024318,40.59902135101638,425.4635264298417,20.841051757427834,-94.75,-96.17,0
-77.24854868392653,135.74126147161417,1576.2248550691984,477.72790904144364,21.71935434938635,42.13087979711143,57.73396027004689,45.14501669580323,408.4295350508389,20.74023267788312,-42.07,-78.91,1
-67.89057025337075,112.0294603106475,2861.3084965559497,477.0049389464538,15.44764289111849,31.61801054808791,1.6388392190632817,16.546037699979756,421.6970434464757,20.95065770407692,-119.93,-108.02,0
42.00257200079713,124.97165321356266,395.3828559577586,188.28105044800552,15.215693103640763,65.07939721492329,8.685630963285917,94.17566760002646,417.0440693429575,20.261806258746105,-44.0,-63.94,1
86.57198069362374,136.20716723405042,1350.372795721824,157.7560265243401,15.632910873877856,26.84099506798585,2.438526975116362,76.73729716752078,399.2289826378878,20.38508868989563,-96.61,-107.77,0
87.22919444874051,140.32240678709593,1792.2377553743963,445.06919159478457,39.50120980933788,44.155654524417784,5.733289178882616,1.8989072524533301,441.7266804144006,21.076323465209803,-117.34,-97.05,1
-60.72182121601978,167.90992863140565,2358.8571395189347,151.40854036664373,14.798242457795146,77.67925699920039,8.787105896324675,41.910251718652184,412.37259620732806,21.498345946822766,-69.39,-59.64,1
21.34506816121592,21.048695516214735,2465.1755176905763,41.39590653039377,8.250680880645104,23.889851128784585,32.25257755188561,97.4583417882812,448.2280519988797,21.336622265464445,-106.75,-97.33,0
84.65013994500896,-56.189253259900056,528.8369866788627,309.0134530426698,15.94522118532978,43.32882081317966,24.112375040406377,75.79091743943074,412.78276234480694,20.434486470931333,-33.78,-50.36,1
-62.37947936533064,-110.07128069957186,2256.0727539495274,28.088050135499813,20.626921510063937,35.30253094195194,8.504316051176652,50.57730698434001,433.06426871974367,21.1397539275854,-119.42,-99.65,0
-63.568409550887985,-87.4763470601633,2634.79737279232,272.9699010810915,23.939791463159626,42.76411401493301,6.756343778841078,30.740676876888006,413.29316162812023,20.458780687542514,-92.71,-106.84,0
45.622705012299264,18.429185920329644,2585.1472683315565,471.0513049081154,10.609016664998101,32.871559742880564,31.31516161827693,84.31374218871656,447.34360343472264,20.46728663755494,-107.1,-103.68,0
-82.55759511840384,27.399827424818028,2170.327972470626,394.1000736127397,13.349850451402606,33.17629722062864,46.56447658282264,34.93663496983207,427.4353816986879,20.51735204985803,-119.85,-95.15,1
-18.40786161443367,-30.606891217948856,2616.724615246359,256.6981133784265,6.727460960304171,29.490269578700143,94.65316196226851,68.46564254742606,420.5104834116471,21.823479151073403,-95.99,-101.92,0
36.93509768002225,93.15012653560336,2340.114941688089,376.7153204896581,15.83263330962612,38.58257155608582,57.64457139634915,77.14594388600504,426.6141435375959,20.625166453494916,-44.37,-76.86,1
11.970883891208032,-144.15362457545928,1098.585259904921,67.24857792138121,18.578332366563476,24.982546755059047,8.239771205527614,77.70171420811877,435.6169078236185,20.970782401284687,-103.69,-98.45,0
22.295367108817985,-65.31910004315777,2348.2924394756,15.347179170716966,50.554938121390144,81.70521124865495,89.5677501081799,56.87858046533248,432.8036118382188,21.413052482931658,-32.76,-53.47,1
75.99171710786948,-100.88578104912106,1703.604696201116,234.23712285711002,22.035378907727193,68.81190205722451,36.10587394598338,61.842902044981194,420.95975959454955,20.925729892252466,-115.33,-96.99,1
52.26374010883268,27.291258835573018,1001.144780453798,110.3965100781966,29.717383629347736,26.524359692127994,60.21023843104447,43.19281201084315,431.4998741443564,21.34046096573266,-102.12,-109.0,0
-11.15693176632027,-116.89836345964589,348.02359141580183,490.93664427974994,23.258380282417605,19.614440449498183,19.86052496890116,20.728647314068272,441.743311827849,22.015511503313583,-101.86,-104.64,0
-81.16807124587245,-99.71724697648885,813.5946300122446,134.11412532790348,33.57489382261153,89.36624072556434,47.892909688342165,7.251587368523782,482.25267912586173,21.317953375392545,-56.46,-77.07,1
44.72339863647795,-32.93375276596768,727.310622365523,191.57881875528366,44.853392507417944,68.00146936591204,58.784171089807735,7.821472619481195,413.1499892222783,20.75280140134074,-64.5,-48.53,1
84.79962852083193,140.538164162285,2583.048088701582,138.5271057796166,33.96536915405926,88.40501159431084,87.61817311372542,23.831891986137965,420.0307092182929,20.99603904823592,-66.51,-57.21,1
43.37644235580336,-168.28394245200386,2078.278937733551,39.943044743945364,35.43317080083211,100.96888232190273,94.71336418938472,9.597717424628094,456.53357892159835,20.90704014421991,-114.3,-105.09,1
19.270716577379858,-139.81292001082224,1793.991955963652,308.7025525273667,7.781587293683536,33.58100456186561,35.74130776316219,30.057889079685562,454.770135634908,21.076065896553647,-101.16,-98.15,0
-19.419893948703617,-27.04431534721482,857.5926426758525,388.5386394741129,13.059452969991836,47.204528703049675,39.37587171824614,73.93518152219481,431.37710514806145,20.85902104308888,-109.69,-108.7,1
65.0236711834113,122.19084621477919,2883.627271608512,379.81631317602665,22.956870865684117,29.501369044963134,71.51027576491636,98.06584896340883,387.52885445016045,21.127599618788437,-112.51,-104.13,0
15.65501462547509,34.6702884498261,2391.384117238217,269.1755462408634,19.827273005498014,27.89964884028804,43.322287181166075,88.29829731525953,421.2733725132291,20.696867513010012,-102.49,-96.54,0
89.00320649993242,-47.06097061608645,615.0748154932415,442.37182164150005,14.3883183795385,37.100493070046745,43.95657192053757,43.29789769725948,411.640230505021,21.130635194699604,-37.59,-47.75,1
21.917006946800555,-143.32775633448443,2617.0335932830912,325.0603506855639,2.7225181998871726,32.49533286728285,41.195060042118556,14.456361485670444,432.9162139368872,21.280675521234194,-105.06,-99.68,0
-51.778155012814324,116.00685679769862,685.5428881349716,103.19895154025792,35.90420636080981,81.18091229866181,93.25720656439685,7.313857313728988,399.74361292596444,21.000189043535276,-72.79,-42.14,1
-21.513323957872913,20.790719367280218,2397.7867169213478,118.42099541953012,15.198876989295977,40.326216005902545,17.432800381582236,58.34953702754927,426.16142335521977,20.795915189509262,-98.28,-107.6,0
38.57068336709719,-142.15629392449506,882.7655714770784,360.0329041859556,10.661179606253832,50.03391235275397,99.77586198545974,65.94139325964544,431.19401101081667,22.359273021526043,-107.5,-98.6,1
12.532773687956762,-151.55531405724957,2453.9354187936756,441.8385038909121,26.93010517640358,19.09534446170509,96.1774036115923,99.4478870714085,446.13406658605203,20.886131365138482,-118.92,-101.97,0
87.81131587101612,176.5828575024854,1015.0810797237274,126.49320108281127,37.24406811429761,81.59214900258979,37.70426126244198,37.740041076781786,414.40838689434344,20.923508334859772,-102.84,-98.02,1
16.126258886436474,100.17263093729798,2083.4064487352966,250.64423932854905,22.11592085919325,30.605915459120244,57.17894295707927,61.20001924482937,411.7815497925146,20.960520376748914,-115.43,-97.16,0
-49.17839270467265,-120.83617261749328,2210.128366173631,224.17356717285793,34.93453343132083,58.98647772025937,52.89965770132882,15.943564029850677,460.67692026357764,20.87437309098425,-38.94,-60.31,1
-19.595735067464616,83.11950629470613,261.7725431010084,45.93427445381443,6.531493256675123,30.85183765018567,9.21116787133338,56.057718409475754,388.0406320503449,20.550412268887257,-99.59,-97.64,0
-14.499217182176878,4.619304029570884,469.98777481356,32.172642359324996,61.278470648246824,64.61527406270622,20.45337807329699,30.15269430268528,428.0527333733814,22.098777157502028,-107.97,-108.32,1
-43.65305359718584,13.191970603800655,2193.077203176476,332.0800171413325,36.717089245712735,34.31447561534708,92.45412117275944,45.44771492966883,460.86804946907,20.885893838975143,-108.73,-109.34,0
-64.98508470093165,26.49455613604067,245.71637894430842,441.2779193185172,23.29588328299298,40.17844267829503,89.04810026103338,28.528764470534096,411.036728100245,21.982705241270462,-116.15,-96.07,0
67.18381925501066,21.547081801261754,1616.4979183603969,98.54362085504934,10.83261449839992,22.096697096557918,61.90232652319511,18.276396996660228,422.53599784972266,22.07003531983502,-109.2,-98.81,0
-11.321077708521386,-47.15063957036409,2313.930835960378,465.3327539076689,3.524812850405429,57.930850627961576,87.41781806171429,24.607152719606006,438.6224953948183,21.338012560311928,-44.11,-65.44,1
15.779670536691512,71.82091416203548,737.3380082622033,473.24858552313674,12.518811926798882,35.850967771944596,24.449379660192093,46.992560862052514,408.4987815142657,20.92353205611712,-103.42,-101.15,0
-37.6147374466963,155.0518454810442,879.8448981791665,439.15819759580364,23.10227889135825,43.64542828588047,43.57651100435519,0.7662704650121532,466.73671588666326,20.883585757320514,-46.71,-75.65,1
-3.6625577225091064,-167.22106612983563,670.2573170007208,221.95023215523716,25.9393882031183,54.25893122606444,3.479256295888533,48.30348749253152,458.4350375696783,20.56743858811512,-71.42,-58.07,1
-23.982087457194126,-151.28984380246126,2272.230962049676,306.10214815967475,12.824866954029876,48.12544296874836,30.97333123219449,99.03358571205676,390.3246483970323,21.093776847245742,-65.16,-79.76,1
-40.00254218917259,122.33318789174837,1073.5085311353987,333.2769965770298,33.15325435854071,45.56712314431246,52.8781913985385,69.46959085063374,408.83895421546526,21.408361256405538,-95.26,-102.87,1
11.171670013421092,-57.343568643707926,1079.7756159035016,278.6774159690229,20.33954800349953,35.599158311121855,80.8388424534325,42.57305661472369,443.7724062047803,20.593520889318786,-115.32,-97.3,0
-79.92287153704244,-130.7397562773108,819.5557837503779,11.209459686016496,28.47323189434018,33.7052791391922,75.27447255781709,61.13568958235055,408.2880552148973,20.804867045218568,-93.99,-109.15,0
-35.589355971037,-167.34939810433343,851.9878430135399,410.3056329701531,15.909732351517668,38.38937455130678,80.628621767068,49.123774386412045,398.33784577268244,21.380295137071005,-49.95,-49.08,1
24.17374942560616,-122.73774501294865,2466.60835638137,272.66291740488737,18.063032502254718,28.528865076980754,60.5451871598092,49.10852081673692,407.30102214535555,21.31731664685187,-101.61,-100.42,0
-51.473332995057326,-111.39879152543821,1952.2364778497067,353.99912452620504,24.44707218365748,47.1075321848182,64.8473081635526,78.81402958421015,422.0885376711879,20.257226178275282,-58.17,-76.72,1
-3.270523651584938,-124.57572110570472,1457.9908821194058,438.49164165426754,30.735849123243153,34.52249926574141,3.1526341928503565,71.74604459573773,404.2333415041077,20.668503594735455,-69.9,-64.87,1
55.48793719535115,-15.159899641555995,959.9220289008053,20.93846425976691,6.2151817908216795,30.197400651735894,42.64032027653424,32.90756819858751,413.65309975404347,21.82651949267601,-102.56,-103.73,0
4.48967815396901,52.467544381639016,446.62159189938654,423.7342805457456,19.134793420648627,53.790848055107666,90.97054271640933,32.97808846604394,436.05524658445546,21.53119467626628,-100.22,-109.99,1
66.06417929307682,159.5752798132546,1065.1184790690959,195.05583697718905,22.333167509349266,61.8348549564857,90.52160360686334,58.85251141200916,451.266646180394,20.665933128294377,-90.54,-108.61,1
-39.77684305165174,-130.84417812202904,845.226062990457,329.8674312899376,17.37093915779924,61.19366953784255,35.74860520340762,46.05473708358312,416.2636154819158,22.25857195710439,-99.26,-96.14,1
-78.80122007494444,-167.72482351534435,287.5455701903119,469.6442561645736,4.242140977433042,24.70273706638938,34.744623686774034,4.08962957520107,434.94739264398083,20.44357038481883,-101.16,-98.7,0
22.11651821488293,50.91208460003213,1942.4681237357024,188.69322708279674,10.9940120864252,50.77051584617104,17.116454755959932,0.8823072239825591,430.1946010462122,21.466682942263837,-37.85,-48.02,1
-89.89603680416266,159.10199759799406,1696.097231843927,488.9603242707043,4.815020943948037,48.92883580660479,57.808499230597256,41.267288818379946,444.7058957485671,20.12463523198653,-70.5,-75.88,1
50.05607439863002,-15.408212235811703,768.7412020116984,269.4880862665759,26.20507482379392,56.87643062893202,55.23129769495662,52.77807554798907,397.6896778217918,21.175643638054925,-112.15,-96.96,1
-26.755210808298997,-25.647460963794288,2775.146460491315,404.96260314505855,25.708626787180815,43.58485162996029,93.4809738682018,55.976816183033165,424.4007726499196,21.164949709757398,-105.35,-96.38,0
73.0943059224204,176.01013865467337,2754.936165031065,378.799352864473,38.04910429479128,37.06103430743089,66.85908082720728,59.73551271403629,429.96864663143253,20.822152111673777,-64.81,-73.08,1
79.03799297090515,88.80523828986014,744.2632931833234,119.61124402919941,21.173706936619837,87.95885693997602,44.049474811108915,48.93585652282258,443.55638022649595,21.51599233759052,-73.59,-75.33,1
-10.01245983988403,-33.11780234943825,1804.0356561411957,196.2247885677996,12.058347843117708,69.55985814347802,77.47782211845596,31.07274586854244,400.5444859747558,21.558535364938656,-111.34,-104.96,1
76.64733077047623,171.0516321657703,979.5847405242267,34.91451355462293,50.494337125534926,115.58421661714463,31.485802260628446,33.25533665188406,413.58962077087125,21.783949405365036,-68.16,-70.31,1
80.58326695620696,-75.59703176002242,2191.0457839632995,249.5041909631945,12.533825753453417,52.501115052778,65.27884460101099,86.94937429541508,456.8594257038582,20.208328865558347,-55.56,-72.37,1
69.98195699029404,22.014726299129904,158.10644644549066,294.59343592083985,14.636105521227652,48.65355219162652,95.54829694235158,96.16495742227242,437.47818393767193,21.565624236908807,-37.63,-49.18,1
-42.74836360916509,-117.7567427008709,535.2299438945789,269.93369262758074,13.40578268631361,26.44840552364687,34.98461068395476,67.16251093799794,419.3511655252837,21.05707513783718,-96.9,-107.77,0
16.43672520420948,-46.27645644337602,739.5845763657308,263.184183199494,34.57932511134221,57.25185309357872,67.35334758345634,41.03076116611671,449.7573612934491,20.576280976288636,-108.13,-99.0,1
63.87870851138064,-119.2562614558397,775.0289867845289,273.67677018489894,21.638983376154357,62.2068573782838,61.23014869054095,66.36893844667726,418.3887900520571,20.354143169055806,-60.22,-41.36,1
-79.4961898534589,-69.66137053491664,479.34331656107355,498.34432796699,23.975110503624833,38.04497717615116,37.82219709854592,59.843409522218316,422.9661747934871,21.44960940951938,-74.14,-67.2,1
70.81041762626108,-55.793563034924844,991.9399107595143,209.2689398149579,25.318133148161152,24.775652564874527,31.592697251361734,41.134503907110364,428.6527142795022,20.46513462419302,-94.43,-103.64,0
-74.63115693443586,-54.251709643608535,2981.0688089360965,472.4987507108692,13.875715028052108,37.452278792631354,96.67167137424846,8.46263425343735,374.90168595244165,20.45349078131805,-106.8,-102.01,0
-4.3794453792960155,152.39640032054587,2461.130469532259,239.8489893946734,32.37416990695121,44.45055530909835,89.51308853367402,93.9905112010075,441.87257120847596,20.727063293851383,-110.94,-101.39,1
16.110732397169315,-77.9771467047442,857.9310097348977,41.97075976797494,27.913876607567616,33.04611726018137,87.61252349661746,92.37059731028975,408.987985954693,21.023113434299812,-96.35,-100.87,0
-44.702490020233775,-56.96669783628214,1734.928609557507,445.80355276528945,14.220723018991256,28.160341708305406,96.87845169204402,73.64382411254542,409.76529046419085,20.799873378857093,-102.48,-101.87,0
-35.96673475081232,-64.15335154898283,2239.960461889044,74.92452270274389,42.4256364716784,106.60714042087707,18.296817018651947,75.2969239072219,430.0682925218545,20.54852156489415,-102.05,-97.62,1
-19.7579178172643,-131.1507691458746,467.7824230129219,165.44680971233757,17.594953803067572,36.49433502480922,87.01245361712954,58.62508623538998,407.3550421691885,20.859028697652793,-93.59,-96.01,0
-13.970770924331603,-173.64316308672377,42.198494133318,168.57277892697337,31.808588591203726,67.90519595744661,4.724040848031585,4.34000423705827,442.6143033533185,21.246538797973088,-74.16,-43.13,1
26.190557997988307,-119.18142400709768,377.6760901942874,89.79417386730991,14.887198876269919,20.50493036830854,37.797421169617365,39.00958320702082,442.0251205197618,19.771319167934443,-114.98,-104.06,0
85.04165038022569,84.69944598541258,1459.8652639498096,14.516308462051116,31.193257771632553,30.87350516442921,41.46289044667233,41.46696180908296,415.85874351816835,20.98839347916572,-110.13,-98.41,0
54.805622472716664,164.86663078286114,2483.852633739714,395.5812076663301,22.56472935098659,24.13593548233758,12.444840845776394,93.35462450275347,417.95402234756864,21.2517098164853,-110.96,-100.33,0
-46.8529170752053,8.539838636210192,925.1507770014285,285.2091232029881,5.293548893686648,20.62884333957889,3.2419137355399585,27.710226553534277,425.68885865756926,21.36737740255795,-92.03,-101.53,0
-27.323254903462022,27.05778558725146,2491.8590311950925,441.2085605952093,9.915550324345087,28.16545343188188,4.0103503319868565,75.71376444499249,379.28658438403755,20.25791986661152,-102.06,-108.89,0
-67.97137349426734,-166.76705668264498,787.6929937464425,219.2349677298842,9.016950741136984,29.489709460437837,48.26357354746212,48.04479171457391,434.4641689717424,20.92428839286657,-110.33,-101.96,0
-18.735547543176153,61.73275736321432,2449.7266466290125,158.27908079179974,6.383968340691302,29.221335234506032,69.89213628274764,85.13672547038308,414.5209768690784,21.000065290946303,-117.36,-101.68,0
9.841578460224369,105.7308999266723,1221.7398710253726,122.95548364898609,22.806411664896928,81.57359742731123,74.2341156539375,37.8265795854613,446.174112867013,20.981256454342684,-46.46,-73.27,1
-77.26793762162406,-152.710245573017,173.1854087995277,10.191119738421412,64.24843068045121,117.8467005236898,41.524806237906795,47.30072778200503,462.8500231620574,21.420228445100218,-117.41,-109.49,1
58.4974122682475,-77.9949601947277,180.10214438088866,54.489310031688674,42.48329543033669,75.05340669883726,7.1940427372097275,99.47232430677107,411.37970021239573,22.221105798902364,-96.44,-103.66,1
-25.888209048710678,-119.15006149659078,459.71312765767124,492.1184140060978,14.621618562768862,36.525348217939765,14.434123594205417,24.533936437240953,417.44128876377437,20.930065290989234,-57.56,-55.88,1
35.54797192511195,-33.62198825114572,91.50229524921161,323.6092298352354,21.3128512093338,29.41905163730603,74.65835801073635,46.4483861389124,414.29766790860697,21.209922233967,-116.79,-101.61,0
16.066943892238612,40.27565742684095,64.28236539229282,180.78297807836256,24.22340219653202,28.518982198531912,35.14231611181127,23.010826965590958,420.8987025923431,19.800905883501795,-108.44,-103.21,0
-48.32072407429743,-6.693359555711595,1321.7121565651491,470.88225160517067,18.29017873373471,28.28182355177539,40.599451601963466,28.39641552105028,438.5648337344075,21.270576007134483,-114.3,-99.33,0
64.4411541256581,-1.360337566771932,2196.627804519698,229.59200509596536,39.765671305933,43.79382434853433,71.610566532164,61.652029186096144,407.1832272768248,20.745728669463933,-116.49,-98.19,1
-19.48876361619189,6.653480523844422,842.9993962167853,331.47663965879366,20.112479951344334,24.650725798898492,63.93232319341021,15.862882498222831,371.7912515411173,21.671640549555363,-116.61,-97.12,0
-73.3399116979216,11.454822590091226,50.283266436600194,421.5590297744457,16.49613022132297,19.71930378973364,29.456747637419955,51.0906330075247,400.57151648305535,21.33703168242175,-118.0,-102.65,0
0.6585454785148528,21.313231583238206,2911.126161685512,184.97556361299058,4.796403179889053,31.108204191662193,14.079665993063973,70.01095146572493,405.3893491490378,21.065801057529704,-117.81,-100.76,0
-11.810724658096447,-93.2870034430223,287.54399760456397,95.67133512069555,13.182860848656977,29.312122383671507,29.77572786103425,94.83773618909973,426.7638976405342,20.071830516895982,-110.4,-104.89,0
11.049215483789808,-179.11929493792078,2227.551831840676,130.93890957855155,26.607203933727543,97.5075456529296,40.71771972017595,70.01060858130181,402.47912933852473,20.669720713950397,-115.69,-99.9,1
43.49640064772092,134.89763118428442,1338.7228229181922,186.11213273143306,36.46644781649428,53.90389390442746,65.49860507511445,82.06967463249309,392.5181338167536,21.007547646804692,-73.78,-73.83,1
11.54484081819676,94.03456961700687,2042.060650453158,102.13341406878405,38.73453253579768,73.25065013120081,53.77077269239182,59.30792556958052,429.13836903583734,21.19992621122467,-114.78,-106.35,1
3.2458672754554527,-27.384987713865172,2546.990178985208,143.6337448630217,-2.736036428405484,32.139344823390005,77.89189173596719,92.25874103637565,445.15601431775093,20.778190151024354,-114.0,-98.68,0
-71.92230008962062,-24.2808728470699,2236.918567955381,228.68590281116565,22.614368731855002,59.79369941845933,33.756145461743415,50.104966470592316,409.37650683137576,20.765966779522895,-54.87,-46.3,1
20.138018985237977,62.49287823912363,718.5815870168273,454.35228836446635,29.988118246027724,35.21019986872248,77.06128255438476,67.84786054225395,431.7264688102302,20.99150968416077,-93.26,-100.05,0
-13.69541688457447,-28.205814631425568,973.2767127731745,231.7657772192416,14.210618176793698,51.59785784471791,39.78982403133858,35.080371256963176,440.35724029271177,21.078038582411462,-104.19,-95.59,1
86.5008074232669,0.7175581983261452,2483.2178173040816,170.0073487257119,33.790488322941286,57.228027570405416,25.759429622516272,91.7959416829287,398.66444320538096,20.271127314419527,-94.82,-99.06,1
-59.64113885190778,-11.30185693437926,2914.8024210555177,411.5131741580461,19.493445420070973,47.2963275430931,94.55031468124491,54.89363796726258,420.84901534235735,20.64400704928918,-48.77,-56.87,1
-12.88657187151965,-21.78090422328421,2474.3408182655007,383.34576176209333,9.289791643941992,26.731360282644133,24.834831328855135,91.12263805121687,409.33944453456843,20.72698005987275,-118.9,-97.65,0
-72.42134856432338,82.1873437037388,2682.262676010233,352.1822954449907,31.49830451293156,44.719189047488676,3.2258371619306447,20.12258985815565,409.9916559149597,20.381275685895357,-50.62,-73.76,1
74.57833236071895,-49.42081264204984,748.7689243859684,73.73958546073001,21.222426477668826,28.51281015398579,29.80819638181019,29.358307090748237,436.1454775369509,20.330017193865913,-119.34,-98.23,0
84.63169016754392,151.1875314058998,413.9919307296461,338.94270262946316,-2.630530005318615,21.380180260655614,65.78083071830893,82.66165659978331,392.6313339199705,21.10547529075319,-99.38,-97.08,0
1.5801334794643935,-75.6152412898157,9.915662032789596,379.0306421657807,26.836507537976804,52.873134674829586,27.291191244147516,86.81212233181515,395.6660462306638,20.63296676386553,-32.47,-69.71,1
35.157412472707136,36.87216076347357,2609.9742122746793,62.01774236714493,48.75857461510331,103.53590786186712,89.72238373233327,7.460088697154199,453.05842710914743,20.801611657813957,-119.19,-102.18,1
-19.718174021526693,62.83564785795937,1002.8805299265803,194.1974327260416,25.35291033377328,67.11428460581797,61.30887287574589,83.82147305144225,430.32974718772624,20.712406958936217,-72.94,-43.86,1
20.413267016394755,100.97921143975486,1313.8954578615865,404.79591708869856,9.500875614085423,26.14167126101473,0.2266373378886244,5.2911246824354885,433.027054728141,20.580495239623733,-117.99,-96.31,0
38.88250239430863,86.46290276173846,232.18881237538235,72.35249567555755,37.826729469377,36.44779842628421,81.7076352092123,22.68171300326308,391.0442280852174,21.691870147758394,-106.6,-98.95,0
-15.130666848830288,135.79932661438943,559.0397972501684,58.98082551529608,44.84716573847906,97.42982488897219,91.45217893348807,78.61161926792781,391.94272854595545,20.188418773642514,-95.27,-99.0,1
-49.92003534816943,-124.68923683082511,1136.9179654867573,45.145396073013785,16.30891672933206,37.912730317031304,11.535845168589375,35.029955920273004,418.57174049317786,20.761141404988567,-115.17,-102.12,0
-21.055145207109817,143.3964149484724,1881.7187848337699,242.25266544331694,14.114142578617095,34.585336615220925,76.37955092063838,94.29892787838902,388.2708981645039,21.06506877713748,-99.76,-107.62,0
-21.441885075359096,36.061715230724246,491.57624999389736,133.503437197494,10.75554009945806,23.4527136489244,84.69764151062188,97.90637374000791,413.4475649139515,21.062245130603134,-102.24,-104.2,0
34.970523114983166,-110.3367562834835,1964.6710671156625,39.539478906368046,14.578619592767842,34.70650330039688,31.45011867020332,90.11561399225644,411.93161255599915,20.890512717970733,-116.75,-99.26,0
17.54035691093749,110.78564851643125,1496.791267998771,164.13151324782172,3.19433633715877,30.0925641853166,91.41325220869861,88.70540591719117,405.31663121005334,20.15212555402817,-116.61,-103.42,0
33.02295598941923,-97.29980929558424,1252.1006664557633,162.77068183557353,18.772421994809086,39.991949528225184,58.5758346197233,94.9261442126249,448.0571046858581,21.497184648190355,-116.89,-102.93,0
-77.21959848508816,-74.02768955985141,2056.51672181076,380.9806886955818,12.71135936659653,36.382883368246354,55.63130784887124,77.79124699124725,426.1485267705099,21.11715870478447,-115.03,-96.7,0
9.839100970473268,27.874328252208556,713.255481965001,282.5150485112323,24.423502802673507,49.97628573717557,96.6155017288387,86.39619847383806,433.9420415291902,21.35597988286314,-103.21,-96.9,1
81.1435114006241,-0.01803915912924481,1220.3662248723238,465.92609966064464,14.238270686313367,45.66414412898592,2.256069353921286,53.29752377832553,428.41539408696025,21.020380706758637,-119.59,-101.88,1
20.869851091233556,-157.1651234519104,602.9479733043955,384.03194579300765,28.030430017993943,32.46464364238048,69.76507046238876,23.40713856671949,409.7882553368075,22.102211277747255,-103.89,-102.26,0
31.436484976415954,-94.14996516107658,523.1750582802005,160.69223475669162,26.41695925618904,67.492072999028,1.604431603393297,20.071081273412762,394.1516987411018,21.17025032081825,-64.05,-63.07,1
81.38296989120306,-11.469467296631109,626.450344144344,24.557020988888326,47.06073836112358,92.82510657651562,48.27058988391259,64.77074934936215,426.5624251478515,21.482069938600045,-65.85,-75.61,1
45.05456178682138,-38.88719553904812,2464.2683019713895,387.4676869376445,18.335888220579292,41.635793577128524,90.81420584585206,36.7053256778424,432.63586547737503,20.87263481980675,-72.33,-78.19,1
86.0928362009223,-56.95034067441918,1282.8472309013684,217.75725578530324,33.41147664739786,25.416153503307143,72.59665447304951,2.673195942407869,413.7634596408012,20.252334110111494,-118.92,-101.17,0
-86.6564016473276,22.586209167920117,1172.3506354434876,100.55099610704788,40.17564403976665,110.20599157390474,61.30533907014377,67.630092421878,421.94089570520094,20.79363584588976,-59.27,-68.61,1
-11.553469435539085,-11.620320308429854,4.534824228988654,76.815258346068,29.982834291273875,109.47129375857646,25.827989314386322,89.37667453477185,422.3014799717447,21.582412701621948,-45.26,-79.03,1
-40.20832064760903,-140.28795039139345,958.6005666183569,65.49359787392396,47.47534247652179,81.41295948354356,95.05949099438273,64.60437561318034,391.9966651331055,21.458944013480572,-109.72,-98.85,1
88.19457461067799,-167.3111028385979,2261.5086252831475,49.76642985074833,40.140709532989305,101.4702840654555,18.832708087948223,48.259705265863374,418.97947379030416,21.412813382641758,-71.17,-62.71,1
-40.36497932433295,-13.422999941931806,1202.4842704040518,129.79963790246575,19.709974978516378,94.71763563810802,98.32815645606381,42.41465251227127,382.1056770751911,20.184348638818754,-95.82,-104.04,1
12.539988717653785,-114.2408470822944,591.6391175059895,212.91378524729416,16.636347506741238,67.00800292938158,22.427898845442563,32.37459306184542,435.42365763962124,20.738312145089264,-71.29,-58.93,1
-85.6460129781687,89.5614643701083,1220.7250930130297,101.70268637949901,41.01050476695645,119.14807950968125,97.28667085695906,39.823510967037926,400.61153349493776,20.186430189789352,-65.36,-56.66,1
0.9342979159344225,-31.167222772381848,1586.5493678131772,393.17201190135813,23.95259634799413,44.39247736374837,34.802155933801075,80.91885398375011,399.958877767441,20.241712256091144,-94.99,-106.35,1
-0.721869709988809,-69.08567149362194,36.763944214295186,221.36248853758312,-1.307850588793226,32.395951025862,34.20641626151385,30.60297957713124,412.4487985528746,21.582712435427844,-103.28,-99.16,0
29.935008949795915,28.023805549386054,753.713380769912,287.2042869315286,19.526499857396637,54.47111803003037,39.4150624493144,41.765399501815516,412.47790610727486,21.656817367714385,-65.36,-72.95,1
32.661856585549046,67.82964910800104,789.1497880592287,213.56396549984854,12.120531839396163,25.806136020516952,98.9632600707601,71.70649328288025,417.95916956034483,20.833242069765774,-116.85,-103.22,0
41.80551610743913,-175.71939126167075,704.7946385241171,326.98069401619074,31.924458133479785,35.06855647834051,5.945013820563538,12.50078690464812,435.9013349937992,21.263938078229945,-93.96,-96.3,0
62.69801272736356,3.282139997143105,1795.6764441998257,229.18645580585,-10.145467526430977,36.30329540888773,31.47570826380618,6.067104848218296,411.4178146730107,20.10115368617815,-111.81,-97.75,0
-4.769440283586562,-52.753452230373654,87.92443274233331,158.67616628698877,6.975010055682372,24.72780844835856,63.86479430083229,43.14345934114991,434.39667440414235,20.38652878508712,-103.35,-99.89,0
-1.0264948750889573,84.34222160193548,1023.5532421064659,91.66961042123432,14.135429305718757,30.49731497412305,67.190927344295,48.19564919861904,409.57622155107674,21.39816087394968,-92.84,-102.1,0
-72.8105198777978,39.54016891160995,1246.8062767202039,231.52464619688362,36.25923547559635,52.13651635347367,99.68833093430838,82.83761347340165,403.24753988180373,21.236268183386596,-73.7,-62.88,1
26.447312966737627,79.60020450112069,899.9117191018101,71.25153829661696,51.738242239895584,96.4892962793229,47.72507958914113,65.8193276524252,445.5878248415249,21.755081537711135,-99.09,-103.43,1
4.935426874125426,-25.77795034004683,639.5627740176155,245.20662088604507,19.047901775631885,33.22014804400325,69.07021945269429,90.60625687963979,411.4036173291494,20.850303636844576,-101.31,-106.03,0
21.36149726782891,-160.82801645914378,2532.4313920263858,266.5743596194675,17.85306637821423,30.630814895865534,83.25401068478713,67.66633545693041,400.50138672739905,21.29131698191708,-104.84,-97.89,0
51.47127279591052,-11.357033806809454,171.97228371474117,158.44548946565038,22.446623115905734,33.835188608604945,82.91994895748513,78.43830228345371,391.17018727177583,21.530082965033444,-102.09,-96.13,0
-42.84214942654035,50.474845107846505,2275.8413771956593,344.46815418241783,16.335828850676123,42.00728264328156,66.8356242752927,60.22049002668679,424.4709895214568,21.10502422812105,-41.55,-54.72,1
-64.28368948233911,-72.18918467765283,738.6468724884096,428.65499774479093,23.86338100325051,37.07058614372842,84.98398616121592,14.68958854143131,441.20379164457285,21.01112441220787,-56.57,-44.09,1
26.28318187201498,-46.82883425656735,2694.625215655104,239.06180346324297,32.35578408229093,61.265767177784454,45.73024164749955,63.87516471258922,445.5879640364239,21.989835648809343,-65.93,-48.97,1
-44.36759475335845,-172.2869662936944,2200.6351932234847,258.6949258242703,20.814093031302754,29.344978574304566,1.7288681690660002,47.34964444638192,355.6238639028328,20.019860439544935,-103.64,-105.98,0
-33.410453696646044,-123.79145500217552,592.0159988992924,216.33677324154797,17.02133635283952,56.737320277413104,52.91423123443948,44.72905440528295,442.0592708388481,21.648759894753333,-53.52,-52.95,1
-6.694494484559286,119.65617632950074,1475.1276034342384,438.9272264942522,20.877270114430583,48.77927665627254,86.81937820888643,29.96414824187439,397.4647908775823,20.935593904834654,-53.47,-61.3,1
-70.48452134598332,-171.698418441734,2964.2942738350225,130.66325313722,22.866068646049463,24.258945041298542,29.777396298376345,14.520609703815545,401.97586115265915,21.160161203169718,-110.1,-95.56,0
-77.78339304714751,165.28969713197796,2757.215031641352,365.3804091247889,14.419637780317114,38.12521249317195,9.812469212041963,72.80586534414944,412.76097927050614,21.303705849908162,-100.77,-101.61,1
-19.427215906981928,-62.81829842139669,245.08107471653761,80.5840256492003,26.970596808226095,20.270679961208653,55.17937122285673,37.17478305640506,401.215658033937,21.598398171613827,-111.09,-95.9,0
74.73335915609232,161.40552848870118,1500.1081832586124,193.49849731624158,29.976661018268345,49.16183889149548,10.987815093948472,93.92309310590899,422.81654483513194,22.34403154369687,-109.29,-96.02,1
62.091435169780596,128.02027672016152,1342.2968157482119,69.86699687768701,15.163192600551024,30.723598992222584,71.03576642341962,31.070012950952098,430.1452170073583,20.74028666367773,-90.59,-103.67,0
-87.4900152852116,-54.346435260030574,1774.1122806369387,250.90661740690587,23.037906620614926,27.002004405838402,45.78304046409638,39.823365680435295,429.70250982909096,21.36440042953269,-100.96,-107.41,0
13.297405321136182,157.99624320735296,657.219994000245,258.9144368067896,16.923550931028743,37.77544187553815,2.6451484549673387,71.8131173358419,451.9629496722151,21.430403707565034,-113.63,-101.76,0
61.213587640722295,-169.8943627067435,1546.874726320714,68.16616608436632,45.28900772722085,72.3981749885921,54.034270801137986,60.258857250388495,415.0892904050681,20.997635107128936,-116.17,-97.2,1
73.79941297174562,81.8511536564493,2735.21710790641,334.1158702969712,12.772132308020037,26.108453172466916,3.7108645638661453,6.438749221208173,432.72336472373894,20.80106930931489,-109.45,-105.15,0
44.7292257163285,-146.0807239849824,2982.9472746018373,71.22980978203,11.344611851910312,29.039426981835007,12.950618199085762,80.58746524007672,434.46599228779473,20.67501042136977,-92.92,-107.09,0
-34.123733798567656,62.67220346339951,937.7968297153221,183.59752954793112,18.342538686373445,30.851143906203934,80.08360379629718,53.58303000792147,387.40223613834945,19.92777561340798,-107.56,-98.96,0
17.035545454622678,-158.0946737806073,132.06269445355014,483.3035944797675,24.696244723311768,40.02292731221804,87.84701734100243,53.30249057287806,419.1411103238015,20.728381997182925,-50.72,-40.89,1
-16.01628683729261,30.071941778005993,2145.682844456186,485.4683355295626,21.536991096311827,50.24707624805407,34.58819425229761,80.79671804245065,422.78342144365126,21.223494718237205,-91.36,-96.84,1
-23.376330284240595,151.69107580089081,2703.1647038873966,319.9190755698753,21.623445346526662,14.293676271751805,36.65824644671063,73.91429426620284,395.0229382219186,21.55356694670531,-91.38,-101.34,0
86.62695806953613,116.39950396130257,2689.613972736721,217.15405223040415,41.50612305790893,51.81191254638871,29.03292810257787,12.713457886471247,431.6957320067751,21.60069616253073,-109.58,-104.86,1
43.05559719893816,129.58968053978538,2014.0789239608014,307.9150865995241,22.10407133793298,30.372186190180944,82.10474208174972,15.370542135237852,425.85724330272865,21.52426351016993,-91.29,-97.62,0
21.28458467892962,74.03656815255474,1976.8739485482306,269.4967807367144,11.757930456401485,33.4988479170593,9.590447509492394,15.048115729632128,446.3902640015666,21.4810267322355,-112.37,-96.56,0
-61.792728357155305,-17.005447288807375,2496.1926867805596,146.82831992548904,37.79129144053088,27.204111086186415,95.93927550131363,59.746758118837406,407.32018316183945,21.09012089467936,-111.18,-99.06,0
33.44282524160195,136.55362006956557,2507.578952823075,232.57351625803847,18.145825241748497,53.575677106112835,69.41177492915115,83.6665392389657,414.78646729290966,20.835853925665187,-36.56,-75.14,1
-74.41480361277627,134.41395276979154,2155.0350719483095,58.266831366020945,12.85934655419467,27.118830598752165,45.91491964435526,33.29970217101126,376.109481317276,21.277392248869244,-113.6,-105.1,0
-62.20659032546896,-113.22510805523707,2591.0258857302288,408.92067077705053,21.10459411757189,48.845376341228864,93.56433968551052,76.35550351294788,448.9494183753389,21.908103556038288,-61.69,-67.26,1
63.09258956068027,169.364067922493,1929.39730527516,490.4087336055393,21.645929136837395,46.34561063445065,88.94086710831345,35.017521781893365,433.4042432454493,21.240097519121615,-100.41,-97.36,1
31.007200265428082,-32.89433010212238,2221.9688318622675,355.07658215876893,16.638869568110042,45.10855481358545,15.177851509259066,81.30471505901198,410.5330438738728,21.336839409070702,-100.29,-102.59,1
73.06800169486013,-30.10679246588174,2467.7663779056716,24.764286565654423,21.655337036747525,35.001415463298656,6.979520979994225,80.51982179958918,400.7271296642197,20.196165244068393,-106.49,-100.4,0
-22.114693855249385,119.81678362785618,2876.3758124144006,284.73355318483544,32.900418100717374,33.955041966957104,10.514874392380813,98.20339044828573,366.18546656107134,21.23452792794032,-101.74,-96.08,0
81.54170944174376,-112.91015388029012,2723.1639364039665,15.621458670436047,52.101658380971614,78.94042735854052,11.223228958219067,88.06113436635579,402.4494895316727,20.31829229584849,-71.97,-63.57,1
25.810487373763152,100.92576996314205,1075.677156391408,255.3087961901107,14.130516638341641,52.12597745358923,84.812031975742,32.535415380490605,417.4578118919611,21.01386605926158,-53.73,-45.49,1
-62.96913641010724,-87.5756163428963,2291.4280117607273,226.90021493601077,24.802214640171186,38.7958205345943,51.811123725133925,90.53019834955552,401.22825004920134,20.954955215597145,-70.74,-48.23,1
25.28981043132336,-60.62367910208839,1753.4179382416364,175.24611634248535,25.440826873187785,22.104267296149708,70.71418827642601,56.359813257307486,409.237012290603,20.051814848222023,-112.91,-104.89,0
5.6857000329708,137.55623753955564,2882.160515944529,13.588079323123406,61.65272964646088,79.95824639800087,21.61595264843308,72.07737030310102,455.58120145810835,21.25486148952807,-49.68,-60.42,1
-48.18267204382747,136.03478234692727,1683.8608149468594,80.15320997539537,40.527141246106574,117.1155669711678,63.5252294931602,11.066517823597433,417.733283511723,21.110083209127154,-65.24,-75.07,1
88.18209214124894,-4.981841205467816,1138.7155702837479,165.70786637713888,16.661040356007078,27.559200315258746,98.531910009537,94.58032703507024,431.9116221496249,21.38431052046938,-114.31,-98.55,0
15.962981482525223,26.77499980785234,1671.9089236954374,373.4458894570844,11.296300919179938,42.53328839381001,62.497437096452416,85.96545854295809,419.6677858976331,20.90004410601368,-45.97,-44.1,1
25.876715183871795,114.45711730764651,1942.4920101078424,364.62367151173936,7.357431252913767,56.63813872546749,1.4848235956235079,81.37056719891946,424.8061275515644,19.9286288774887,-31.85,-73.89,1
-79.17612406809563,-158.71701943043666,1158.9436613059981,376.62624435908685,11.576368639263876,62.90535117699773,86.36981442302549,21.364463885905394,414.9884851274334,22.080063715946565,-35.42,-69.8,1
-22.337801633392118,105.71404237344706,2586.4394214983613,382.79485662086205,11.609418216504729,52.75456269447544,27.697518566961943,37.271607395712124,454.70426092918837,21.237025640197974,-71.93,-48.3,1
-86.0434001188287,27.973366873021575,932.2900143005776,242.07669007084533,38.044363732921965,39.197009934419455,8.56404443920683,43.30165359414566,465.4426523177338,21.369787547159625,-105.23,-106.35,0
-22.11166462271005,-155.49007817496727,1285.534930532478,186.07375404050626,25.717721185671145,81.60524076906638,17.627964513935922,72.63011819139318,415.26502537254487,20.52272580313248,-111.09,-95.57,1
-88.09771008143989,-113.49363147908805,1034.281399827111,307.3285687797399,39.59927792969142,50.82905468542418,37.49883025707879,14.789081264588887,428.1236573797537,21.5211851927588,-73.66,-61.67,1
68.67843648494969,89.72822637953232,763.4769168173722,250.19601349559184,6.8762001471221605,29.96667564160967,17.36197420788964,87.57982600391172,385.9622677910115,21.63282754245348,-93.94,-103.4,0
-64.3291018692808,98.85073662401498,120.11426861239505,309.89415485206393,18.051834550383134,35.20224056640345,55.1897719286839,59.192337927192796,414.31296986683975,20.402686007281332,-114.44,-105.34,0
-76.16942178430388,-179.8261559763694,2808.8874307233846,136.9204330377354,19.222905132912917,37.68890177151086,62.805809649177405,82.01934534302889,402.14156130769936,21.244136382561436,-117.62,-101.45,0
-51.903308268441194,83.11543975258866,2021.8362682213997,162.0562143267197,38.616368981004555,84.07536516786256,36.41631141273168,81.84635549527698,426.8555637511817,20.56877373614788,-43.94,-48.15,1
88.04982770218473,-101.70069484245016,1035.40545507549,184.95211349426035,17.5058598140589,32.0427898547342,98.61199362721952,56.096869805813085,422.38473600138593,20.852049495804852,-96.9,-98.17,0
78.01645755055165,122.88694063262233,239.9438606055394,270.23101662350143,12.118563246664765,61.96706325294756,91.81167839904968,40.61909544979715,456.7875932876389,21.183695912277113,-37.02,-76.59,1
-33.41031743458181,-48.007427439434565,1854.9292848528446,161.21927106984643,12.895846632357268,69.31837763937807,45.73380492325016,60.18571645937795,430.39541288250336,21.075289902652973,-69.55,-58.61,1
51.2186328345426,-110.39448327803701,277.4374043611545,430.4992631694452,23.160937310495903,42.61447004971463,97.48426704850976,72.91887931790303,410.5495935219629,21.699617223559642,-60.73,-61.8,1
50.68049964032127,-133.55444147004292,2636.2842786568863,399.1698215391036,25.955128064095717,52.174031464179265,86.75542330447126,15.16069628505704,439.1139998623598,20.120416806772305,-68.9,-77.96,1
-48.08288456309348,-56.1936997820891,557.1111786854246,29.43093521567892,72.68431515990969,84.70716927166845,71.63309173548886,56.528809988777276,417.0091626460801,20.683706976960742,-52.36,-54.17,1
-67.13157913351102,-96.17296897809256,2027.3474005773026,187.8171332481284,23.98786860028086,74.89359834913952,6.177972082425443,22.614388027709566,374.77823654629447,21.236415151492338,-47.49,-41.8,1
16.826678170383005,-101.83016947878556,2357.1721316058256,344.03904419595347,8.844778792006128,41.63021575160055,4.459622561356758,39.181918108515276,398.24136776487666,21.412028046375905,-66.44,-56.26,1
5.613888077681111,171.68749136134204,1732.4730047179373,313.1006734163504,38.25137596497572,31.58109201376708,54.07822864856306,86.36627974248422,423.06589720128,20.948173625528202,-90.43,-104.39,0
-52.38572234472911,48.46273941924949,1194.1394183574791,494.2930487915809,23.72843550162832,47.827817748297086,99.84088697914194,94.13542669608398,418.33709908705276,20.634816031392138,-60.45,-73.98,1
-89.79534187143136,-153.08339788374974,305.2103150121338,10.324505398476003,16.11116768490732,28.510067481765855,44.0111393235272,7.486500628324732,419.9715378449177,21.253166963764198,-96.24,-109.15,0
-66.57751310325719,-58.38482122364388,66.8330383100767,103.78209855135998,39.89766675779272,85.53885803496522,96.29585623091886,30.725310297854225,424.20433383973494,21.187402122272633,-32.64,-41.78,1
57.01287047712478,52.26564115238713,1119.8455802308304,28.991643172720213,43.97471442090046,97.80696429920661,16.96600728097789,60.858825826018446,442.7883856315385,21.271704391178346,-46.61,-70.54,1
52.64421279065843,73.81739276610574,1963.4270412910537,448.4536069720042,7.935758011729207,28.74838451956188,67.26238598432342,99.53611197287584,401.85977249979607,21.34218899154353,-95.48,-102.26,0
-82.23027651045354,65.14006357221922,2297.200886377791,400.8322898413121,29.387061296014405,41.40343943177214,9.66597473160845,90.23330965365437,443.8164156538142,20.52395969804822,-34.85,-71.14,1
54.021912854952035,-98.01951669111875,1971.8455465817492,237.9370923846362,22.87975817632027,53.639184555712504,48.82094029981489,39.4733839581177,425.0953366295327,20.791293720155917,-90.28,-101.01,1
33.01098868519058,23.91398139169422,974.6723991372742,108.70535369832619,24.810524079277574,102.19678005256768,50.90899246572423,7.586459744677187,412.8166877607229,21.09423648454173,-69.25,-76.22,1
7.067290107639167,-81.61974252610989,1004.7862835181453,115.00570632655602,3.4477925580590867,29.793568572076545,28.21373528308957,52.45506565256881,404.0665664041901,20.80062377008802,-114.81,-98.6,0
8.204143057742556,-124.1987665498686,1505.4407087852576,58.24861162002764,10.985878465166698,33.587000160381706,36.99921066014237,30.66816107081879,413.6722217910676,19.95253032703009,-105.18,-107.08,0
-67.41219199965946,45.52351447946077,2622.1361794984036,251.28978127748303,13.192181720712863,64.10160049165114,75.28478963663207,4.0177539999017515,426.3399348930923,20.632977968315117,-101.5,-106.35,1
-61.109733261092344,26.88213783113156,1600.5312408217214,347.04893586267264,10.739897142779252,27.425267518213833,99.93189328614885,39.27790909620451,403.92468902505334,21.975085331895716,-99.02,-97.3,0
0.11895093984473704,36.78171624453526,2765.2333808220387,358.5799374391987,2.690069977244617,44.32938598500235,52.01377528595529,80.02072748037313,386.21630240707793,20.696381035072562,-73.82,-44.96,1
-60.88640960012317,179.80958926432498,619.7889210103367,204.54962474842864,21.113897786287904,69.5314367129236,66.47528504883753,6.927165223637188,385.94211084864247,20.618111259333464,-60.93,-49.04,1
35.92791692246524,-83.46685631671338,2980.043240835956,236.57052366578952,0.34024235834743344,55.545867126022614,10.699036908744631,19.548800682277157,428.1327804647133,20.81650248604926,-37.16,-72.2,1
3.184229261784111,-171.29917674044117,2665.9528722406176,319.63825685240937,17.67260634547228,55.43370452828295,16.74536851516608,70.59960604190054,423.1094863412379,21.362395039241356,-109.5,-102.07,1
-54.05433349757244,-0.33582223461235117,2743.748251845721,61.75005208947895,51.04100327123601,100.0501771461427,60.07152889448448,19.57343657871673,451.0992941175943,21.637051484626756,-117.29,-106.2,1
26.199305723825532,58.842026789447175,58.00828787687473,344.42486506519754,2.206325303928711,47.9291220395488,13.594973521812115,81.7332870547461,443.4095763651255,21.092463097127563,-59.31,-59.35,1
-35.2181683673386,43.86644016357232,2270.6042477737897,168.0198304042862,43.30609821927178,50.57921913338541,90.02122884043635,11.520037576366427,439.27640357982136,20.610011307183427,-65.86,-40.42,1
-69.56641334434369,31.52450469437386,2158.1835236010775,435.04954428763784,27.510351051329142,43.145138832821935,15.530747706741,3.486859183903379,441.67608589785897,21.14845296475728,-72.49,-55.14,1
-41.703858403803764,-175.4124416692728,2552.1201510091487,469.8929875235725,27.52858630430994,44.14035634717071,47.43817325867587,54.86986814572251,438.36374237878,20.51048175636416,-34.27,-52.82,1
-78.58954184270692,-153.31135863541235,1134.8514087930535,199.1601530482564,45.2275737787378,18.9475095613518,14.5120122183217,9.15280791934765,414.6895342028376,21.708482563213487,-106.1,-107.34,0
-38.735684621446296,69.2334370302288,287.73755837725025,242.70339719110387,18.757147854132313,23.27987849606358,84.83673005981193,26.79812505761795,436.47093247711024,20.970734650191552,-93.5,-104.48,0
56.29971356139225,165.04709071645942,200.36902073712758,496.589809368417,22.331161226089637,42.939160657458,63.26652747221725,55.202003046500316,379.2723615706035,21.733176671929595,-31.01,-79.83,1
51.99265427724899,-108.13082649125026,1582.2301066387936,225.7558133703939,18.749401039454867,54.62845013097103,21.31307765037185,77.76826936097724,418.10164416957304,21.692359683572754,-111.4,-109.98,1
-16.27067145803767,86.2463104617014,1019.0999910211231,495.1174442471012,18.91236229806903,21.066289673225327,74.91151590246542,52.059484835800674,428.6986852758812,21.677182199871396,-97.36,-109.65,0
82.49331857445586,1.3349477467978943,524.8729519506072,154.21414016102833,1.206726136188907,31.147744980432552,96.74327227952276,18.860160252788884,446.19209748964636,21.02936314163313,-115.82,-100.62,0
48.054108922474455,22.533580250100215,1770.9777302408154,476.8222397968496,8.292452688373254,35.59120110769524,97.16629390929015,95.12393846195206,434.90663947264017,21.761789591006025,-92.93,-96.67,0
64.18549685445171,-93.97235816439634,1831.7924294711133,41.88393183146371,3.509453108358084,25.92437535420231,40.958871855107034,63.16868946529871,394.5497067352165,21.13923819558784,-113.28,-105.54,0
-72.70399005564755,109.0902738786425,1820.6461259108255,256.99032627367137,-12.948292811688852,33.00780684267062,2.114073862773691,91.71215421115231,386.9621404003635,20.76240439697777,-119.98,-103.19,0
68.67545985706809,-38.4149626055339,2980.554937651565,183.4103412246306,13.915052794084746,73.48555893864385,18.665329059394644,29.21349848329543,424.2948139608127,20.684248866113894,-67.79,-47.36,1
-23.245170845120697,-35.479173946480785,1608.5432938912088,90.18117847705135,2.775685189298983,32.685937386863834,65.63072494230276,86.4494582047773,399.81813423147366,21.162554961653957,-93.67,-97.28,0
62.00980060930564,-110.12545511976974,2047.2105383849423,455.1270954284318,13.974913777677676,36.20470696988952,15.83886270169983,87.21095266885531,381.163882696074,20.63945859787753,-112.93,-103.45,0
-47.11784592978446,-164.93296642432202,97.05200513049827,140.21058841163867,-7.122292338607892,28.912788628416425,48.42455325360112,49.38585886428905,392.0437045376407,21.496477823160774,-99.01,-95.92,0
48.22319205745316,5.737441781613114,2516.704101418108,100.56079625651373,6.613918002007294,11.324404169225222,22.747107637372675,89.07102367166871,434.0610018079867,20.9651316625513,-102.61,-100.97,0
35.83520804922114,135.6943252612012,1690.7933206372886,490.7010294537236,22.47027182342643,30.694808581748212,36.221241155796015,94.64351853549606,427.4064787719373,21.78337356622158,-116.42,-101.15,0
-78.24455408772393,24.521508383551378,630.6301559252435,122.90898568721221,14.1948491119499,85.85001480000437,5.395978163542869,40.26153064709618,443.35631664956406,21.529429560460947,-104.94,-109.52,1
72.48834798158504,79.18638383553127,2422.687892887237,10.193897313435235,24.84530897920321,38.01024760062262,69.6863847342712,19.64353228010699,394.25445738357257,21.035714912200696,-96.83,-95.03,0
-28.70660027303589,-165.4018661520368,819.408267179143,306.55229204872546,23.16178269578173,47.75746676145003,98.59919996272836,92.3382553675197,401.92513305655416,21.228779594575894,-91.7,-96.47,1
-0.1649479107928471,101.89220688368596,1898.479142376407,235.89240394166097,30.324127581716134,33.11861226596685,10.68342920360993,13.720941627502947,376.517465511105,20.776595424323453,-92.38,-97.41,0
47.37852934939164,-102.6661861040811,375.6043077782903,465.0557101187292,27.729180291526227,50.457648352039314,98.24716422560896,37.76479254683498,373.37014977747043,21.186725860613425,-98.0,-104.29,1
-59.61541076901774,-32.99887941494245,1566.208245590138,240.52612653475865,15.161286276953305,32.57490357254537,2.781695851344712,46.54139615042055,408.35545272813937,20.952295100882154,-96.64,-109.09,0
46.97244462347794,-105.87891731279579,805.617557980616,190.82483216691253,11.035558826695171,25.882777400249132,66.18880672793982,82.54229424013005,415.95428170262176,21.107918807232018,-113.53,-95.6,0
-4.53568447554855,-138.5565519824532,2975.828529504835,36.831775184339605,52.47282188761151,69.34503597286901,35.23077851207038,57.85811197392419,421.6482464608113,20.754447429620253,-113.1,-107.37,1
-18.61991869305676,-116.22880815775189,2284.630447807454,242.93670636050058,25.479321402543178,51.79341129771454,1.9176500650105455,33.80665603113264,454.9004358231878,20.99088742231881,-50.1,-78.96,1
-75.8683188154422,-105.93951714109042,1767.7096162617115,325.64058199824603,14.44079288079689,26.71801891060523,30.650011744944816,79.90059338196228,390.6688665943667,21.33465610488647,-94.11,-104.5,0
60.380767150770055,-29.22376428282871,548.8567301986619,388.0789462088808,13.04071689644091,31.01155378072829,97.81829689904052,43.513616857032034,447.13718392706596,21.217141265836442,-118.34,-100.89,0
-57.5882823381351,-112.1422275137401,1917.2587085304372,492.42221751615796,6.995068812586183,31.02173800450563,56.009704206129875,3.674261070707363,405.8860521254801,21.463634651369542,-91.74,-104.86,0
49.42947858177254,137.04381509155263,1736.875044062958,289.51009195186356,39.28439687993962,48.54834101393186,74.62273978296588,28.763618392256497,426.69633466751634,21.0654135517452,-45.08,-76.0,1
33.83275867652401,-14.728619042025997,757.9451569698382,92.21908836009142,16.396546296384212,30.791201330983306,26.914912074529894,99.1699708039224,415.23013407406256,21.4321599960509,-102.44,-98.58,0
10.347194706768292,-173.79217799613542,2622.533565540345,407.1499117734395,11.45992709187635,50.890371011642515,72.43067381615606,63.1850254805886,397.9442093893423,21.558044516888746,-58.86,-54.57,1
25.72327844715187,-70.43025867460679,2789.255108057524,264.7712808020994,29.664647964539384,34.02791957628595,19.52135224202912,63.76924143653399,390.58773536996205,20.576936436734982,-91.39,-108.61,0
49.103109620077845,47.33588617569049,809.8678411843259,305.59723680639513,29.812863319942025,29.977341948103163,89.19409098165953,39.44142482334224,405.0035655247169,20.779371804680782,-104.88,-107.48,0
-62.72362243472794,-34.146504043393094,2496.762000852061,287.15185832170954,12.187564983014774,30.49963561259152,33.30814236928271,57.24481409690226,446.3582430072173,20.180086514832055,-114.75,-107.58,0
-72.80927564581124,-8.732795153273628,1786.3416498868771,378.34901041561676,12.406498214617141,46.467600610016724,38.231193452273715,18.883132935644532,451.06647514799016,20.175365250301944,-104.93,-98.96,1
-65.79363546375754,78.8497386632094,1642.550368116315,199.19475484847072,22.40313835030684,31.779707920223288,90.81177510394484,80.47417967397445,405.20664833454003,20.71320823820031,-95.78,-101.4,0
12.629320955288634,170.8533736757679,2722.2647746054467,74.11295691640915,37.67505533058845,87.64067112924586,95.37071384739701,93.37474716193876,432.4982734378987,20.686403279531042,-72.14,-58.21,1
-37.17256969332649,98.92246785465989,2873.2277920779275,445.6196424520369,38.49395027072384,22.5831052529297,46.9539502224373,13.629951584654233,397.9186808012144,21.572038246400552,-98.91,-104.87,0
10.839084641016626,67.05754193060713,2096.2143403748823,194.4558526759643,19.345847369526176,31.724474966956755,38.139215002686946,25.463264828819476,372.98186154594794,20.43820625648656,-93.43,-107.76,0
-85.59833511023402,-103.00238257250876,2541.638528040796,72.79015990714667,20.219250862366927,22.93660898042601,39.52090672249461,43.440179904651146,430.0585223536634,21.195598616679085,-118.75,-104.47,0
-21.824007372634966,42.19363266514395,1760.9440045671474,311.84342103143973,9.021167212463599,34.33345259687498,16.59441943766562,25.104460356863555,447.46580394960836,21.34676953717884,-100.52,-97.74,0
-19.435808974842573,-69.88824109346848,1342.6283354284033,161.12455310424005,24.60535698729518,54.83543480994283,17.511330211447618,33.094105675610685,428.23605628404385,20.634887018855427,-41.81,-68.79,1
-11.626163146744133,-163.98187634380074,2450.76220149968,324.90676886632326,26.682465033496204,53.22142811502927,36.67589837867017,76.70121700497779,413.51916815680096,21.44447686131908,-72.41,-48.68,1
26.752382522778447,-132.77351242710012,471.2488010456459,314.2208355738141,5.12979971447751,22.076657912774603,53.976566958443165,44.55824812009096,441.8756327209425,20.92353636159694,-114.88,-97.06,0
40.97293875610052,125.73496637421971,1830.1362040919712,45.587778671431984,56.92525312980507,66.02576097067958,6.464491551873386,4.070819757517874,432.62262658020427,21.173543231971436,-117.86,-98.14,1
56.3916535830852,-138.12993847465475,2231.457490221402,63.97575571560012,8.075149979066829,34.88784860349581,48.13968551424388,25.4770114758636,457.0125464521918,21.2508899412433,-106.93,-102.52,0
11.677043127446652,-48.87104580717886,991.2366211653136,168.10433293901787,-7.62834769710733,35.31278353483853,28.982752249836953,10.42823701751182,427.43019403040137,21.17224849525979,-113.7,-109.5,0
-76.66719857505258,27.392071296391578,1678.5236699118698,96.71100063522091,31.84529585800967,112.7257233167532,59.57998700978094,25.239843012124275,393.61185687008424,21.259897263159083,-95.32,-103.52,1
-78.55408937201352,37.25428476317467,2461.3104752970653,353.58954707048906,12.00439694734657,51.1377230145857,32.10071730578914,73.87887481338207,395.5653592256019,19.496416776334982,-52.51,-51.98,1
2.5994433796527687,143.5294810302624,1691.1331271985996,451.78493340683707,12.56280994380872,49.26160672140885,83.10868338800897,5.999521626105098,444.3309572125832,20.644748570412094,-103.1,-108.86,1
-67.07352745152913,109.49237687821358,2064.2978678501922,65.33961442525052,13.334585391644232,24.347005600228044,80.27500155938121,96.07214926853503,455.74803402168135,21.04991102200435,-111.65,-106.68,0
77.32288137613443,16.525792689246458,2675.4094949861883,36.79562533164879,35.25855875536696,70.09110678322774,32.14303905572615,11.81196115052886,443.3095620172169,20.38721525686544,-65.33,-43.73,1
-83.52291850472528,-148.15470345330422,2599.398983818308,495.5068205050595,7.350006876748081,37.12928430464099,57.5378511574853,55.273242854822314,384.330725324269,20.333956791587894,-101.87,-108.66,0
-76.5960382942892,-8.778547334158958,2968.57015655829,477.8860135795122,31.207834292585787,30.873601930468663,89.74485903302046,59.53250155363619,390.6398739690665,19.936825863108083,-90.42,-96.01,0
-45.144201382371584,140.37132567495445,1023.5190825515261,246.13584579260694,24.677325519910482,57.84205147151491,48.53550591786654,47.60274775770977,367.68152184316244,20.946183874076375,-113.86,-97.43,1
21.46526709287599,127.54314506992216,2219.4971305886156,478.94390050368014,32.63580427682195,44.6815150027085,55.68450127065433,74.33678685065831,437.4546498396564,21.94364076641056,-43.72,-46.05,1
17.224793051221283,134.0016791724907,2181.1148020408677,146.97452213525796,34.46610494222064,23.50870093677174,54.2730656773916,37.288929305849905,431.98722875886443,20.48173628477083,-110.09,-102.97,0
-56.712944726500076,-20.15925781195412,1809.5391665705754,281.3430392894461,-10.043570336222821,31.81036980501958,2.2259585821089445,98.14634833616708,417.99764634706224,20.482443616805824,-119.5,-103.76,0
32.25918085981705,118.73446630480805,1169.5060407119881,173.08751935838265,11.852105324477511,27.778969325517675,41.875221551623234,15.504798486257055,445.30049458144083,21.297361443195687,-91.93,-98.23,0
-51.347831767994435,-103.81565046943876,1508.3178335436003,436.8117367716029,34.85253543886982,24.752892743047198,13.949030298811815,46.15194303020221,439.61835554722717,20.980906981530406,-106.79,-104.71,0
-0.039907738821924,-93.18937624907824,1693.764107944502,480.65662161316953,22.455666898160622,33.21298739111931,34.46133894839116,81.51474764346837,411.9761679558773,20.910697345326106,-96.52,-108.2,1
-55.73466822235397,-72.97114461591751,1196.3961842392032,299.4911315446754,29.671591994248455,45.44359799460854,72.24301568820421,75.70500495174636,440.0565316338892,21.846841751463863,-56.68,-40.99,1
-48.83302826734867,71.70002985338138,1295.9429956654828,314.4537875270991,28.792685103400274,32.09576030814322,82.47557298062428,30.089854243971903,410.6564237602491,20.374239626201206,-91.01,-98.89,0
15.030167633680179,155.1810251510047,1341.1141294617598,13.987667480249812,35.29881085741775,79.55792911544023,14.030805497229903,82.70071456011836,443.92703922613777,21.432377615043475,-117.58,-108.93,1
29.79881437361115,84.66910210834351,2314.831226552944,30.8319062980963,50.450741831424715,73.96461772675403,70.7509013159356,96.25172386889153,400.17473975294763,21.542938868381288,-40.45,-56.08,1
63.176074646707434,-98.44422091741285,876.704522678915,316.1070728785365,23.52475868336861,44.29557122709574,14.626425989975155,85.00256121909715,429.22651895140075,20.49564538732096,-103.34,-104.81,0
-19.662282980632654,-54.58112327736053,2437.7342315351925,355.39337542622826,10.285360384777984,45.992883509418974,33.19594322538124,49.83117060617583,439.21078975231507,21.384530620860158,-54.83,-55.98,1
30.257471517628943,-32.55570488242131,201.7273199293156,115.20835939245967,27.8960516472036,23.88968970217533,32.32259044641349,53.66862524126056,408.7835489247664,20.60666398470503,-100.77,-97.84,0
25.41077480779458,-9.557676670342232,280.12248729596644,15.701639837827614,22.233861404629195,30.680884735380925,24.473027215551635,79.77230679094583,384.5734040845079,21.337032105978768,-115.67,-99.94,0
-62.270525536728364,11.212623785168034,2925.883101758015,226.90949727336528,21.933996352713947,62.00104704513215,88.66609543971069,60.31295875044631,409.1408438468443,21.237018307768764,-53.38,-44.09,1
80.41451918501178,-146.31220902204348,1433.4245064668762,10.10856417732006,21.24688142399626,33.02387430970912,64.4133646507588,16.567775833703415,418.10465631692597,21.15339320230266,-116.15,-106.88,0
-12.234318187444401,-28.903285746667706,826.20992562066,53.510199208601385,29.520027990477175,31.498006810401925,19.176305621705325,65.0352018560969,394.48660847686466,21.83861454574188,-103.68,-104.69,0
-18.133672082372698,108.25540319147655,2907.1223524330658,454.9991997811151,20.520958554969663,32.34594797252686,63.15832229971433,60.183641481510755,394.1961993337768,20.68933295864431,-91.43,-98.08,0
-25.44663598777278,74.67188757273487,1305.1293412530254,398.28265747004355,7.71948378555532,52.69608072182234,57.82326772576598,82.36326469417791,420.14402014620634,20.678981853014697,-93.93,-104.58,1
-36.920868841977985,131.61285984540496,968.4989367456077,19.876576566300898,53.5086963046063,100.29158180105497,30.99860115284062,34.82039594047149,438.4159584341344,20.16510272614431,-43.32,-65.6,1
85.91407787622768,-87.16256557316565,530.6244662274312,236.69785688833176,12.306416558694007,54.30596872838102,61.748047626550914,26.209675454504122,456.31566751270134,20.457532156272716,-43.68,-67.78,1
45.65963783450269,109.4773897218098,1447.0444058974517,482.3448976322799,21.432198499792317,25.59267015119417,7.230979128473269,89.18083311549348,427.57633039674573,20.564553053068135,-93.03,-102.43,0
88.92746330901605,54.761987687616084,2337.507809306976,354.77526445607873,30.710189458487463,28.398752270169496,3.324690387679763,20.24622682304512,397.6825812027552,21.035849802260515,-101.4,-102.91,0
82.8567949087643,45.14677262302291,1495.8357730285152,322.6117310433668,10.550076117097776,33.00828330384503,31.993888908370327,74.5819600137957,407.2041776578002,21.43120159579366,-97.74,-106.3,0
-85.26860349852771,86.69112420762536,1094.8611875851489,231.85668893431722,30.14691189637764,33.466883383890355,94.01705008193844,24.77763580159059,414.81709231321065,20.431203918295235,-104.2,-95.18,0
30.53765495217081,49.89054666757136,0.27001265123516305,470.34744178013557,7.255329673321171,29.40181047668128,7.04256535822193,75.67958005727098,404.67450163883143,20.843026756323535,-119.54,-99.05,0
-22.49009008635157,-119.51737477666678,1248.8740110930053,91.75350917924953,23.491214738394447,27.675989660165037,50.41316777923374,75.29380295178863,425.8533467387552,20.73447984967549,-103.0,-98.63,0
87.04417636183774,85.31846680565565,2607.921440448243,388.5816406138945,8.154962884867306,25.527524001335646,93.60942732809676,95.98912685700104,396.36007838103404,20.103017549070994,-96.1,-109.29,0
12.454723696113206,-143.4754527470399,1143.9498066981757,450.2782861240299,20.12813025761628,46.3583108969808,33.56082938495432,33.87721807936332,441.1171684463395,21.56976227351179,-54.6,-53.48,1
-70.65261299315128,-101.92308543814073,666.618513255732,355.260316622246,9.063450153091939,25.52137084428278,17.637831107207703,96.7121834430774,410.6801452683476,20.255707102083786,-109.32,-101.44,0
83.07418702706607,145.57130652485597,1033.6486272028746,112.15020322361752,24.470808229282685,80.85298597855129,60.00755822592861,77.19352080445093,428.0390619569216,20.327685910141852,-54.09,-60.81,1
-72.53069840358448,-157.0586096269926,786.5765235671929,332.82268193384607,0.2501985984009032,34.08487975768225,63.087556978489005,10.958239170099072,385.32058039726417,21.401334818328074,-113.35,-99.21,0
51.73541037158782,-83.52241693224921,347.7446244563991,218.85573269546938,17.25105085074476,27.686650866551187,37.41575708729458,73.65806219952586,416.2471496421756,21.84841335352117,-107.6,-102.86,0
-19.45425040174962,64.49197279682309,828.0178886284243,181.36658036518108,14.875326398304852,63.189219322308475,88.62315237439793,67.47861414799077,429.125491189017,21.296856057360376,-47.13,-62.93,1
-7.072327746726884,-64.6498824672846,665.7648371975702,433.87587791730766,13.258037586161862,29.203104049735153,2.9207572095281242,37.84665161036285,456.1862956425018,20.364921528402466,-118.82,-95.04,0
68.17039415864852,66.1078041757228,2810.7713979302084,10.269571998397032,44.89225956613403,86.40178761534008,46.096610841291586,47.26858874630182,455.5656180687448,21.728950280466773,-108.86,-99.1,1
81.83430390938659,62.312010255483614,2100.9536354392985,218.7509850774887,40.54557971705586,63.801594982743865,31.801190125647484,12.421883897560503,413.08331084736454,20.6971368177227,-30.29,-79.37,1
16.421569987228466,112.45054938392445,2821.0010495912634,332.31710325973376,21.512298626362508,27.71134948198062,19.96368303580104,29.453862638422713,408.7733244890723,21.60419942213771,-100.27,-104.88,0
-57.96855101174457,19.068917246062966,2022.5591654270202,24.088416188629555,18.688448833745785,30.116233131438886,76.06422343502459,84.86933567461615,420.1107959717526,21.126857745841296,-114.61,-96.52,0
87.42633738710518,16.998144630924372,1498.8055308728506,125.56692490539018,36.17579220125175,86.11321319598984,96.45440503799021,50.72621787953139,443.5103049906842,20.92704833055432,-71.82,-74.85,1
-44.31851193422678,123.73630581924118,2531.423915549874,371.77659813423327,22.54352681067269,45.039499337227696,25.800763492682076,84.90388409370308,430.62497427875695,19.834763199103424,-44.84,-55.19,1
-59.47104011716279,-87.57066986137839,2140.919366318167,209.38975758650994,28.159922005531335,63.2257324798191,89.34306133221315,29.05711829945069,421.0037016362819,21.316170116211982,-69.19,-53.34,1
-22.06365314684203,-103.5412620610211,922.5021747795328,459.3671139449309,14.17045254493544,34.57714023753946,96.86971628788835,6.759298307937556,413.12866239545576,20.643126635813168,-115.57,-109.75,0
50.22690265792056,9.299987929274124,2320.8978377006015,478.05815063915503,7.849761183317916,27.78970847581421,16.76814139780585,11.46957268193881,437.13443607005195,20.647229957088527,-110.69,-98.22,0
40.55232646124554,127.0683073056166,2619.345219561157,289.8961946142,13.86838037785476,33.367228864193976,55.55692606669835,66.5685507382811,403.35179295586283,21.607827103487445,-113.96,-104.31,0
30.37861460773678,121.76741614602179,1582.615202610521,418.2697759405356,3.302487099572568,36.64169244362585,74.53600041723013,66.95638756677931,416.7217077915548,21.772641719425458,-108.03,-105.77,0
88.83579464023586,-126.85122288076934,502.44914905352636,218.09689666685836,31.764471834150804,61.55547737550139,44.71448740321583,56.837795778719716,436.40468619950394,20.122037928373665,-40.03,-71.11,1
10.38540968467953,-61.8465289696837,579.830156437812,292.7859615419621,13.858642652733788,59.64317596298439,28.409034266969346,97.52228085171122,450.61482450854123,22.016309173312738,-62.16,-53.58,1
-39.92713060315825,134.5676209498028,675.1744511078231,401.47514035993345,21.95547508201151,56.44259622362543,80.83737909119493,13.162594394336125,441.3757237575236,20.597292642253013,-96.01,-98.98,1
69.00402347374597,-176.73656070728808,1994.0675126499943,26.062844911717235,17.105058389851443,27.270917825141463,31.0157569585926,31.93228997025448,392.08682757416886,21.321914827414346,-95.91,-103.5,0
30.60902788674862,-98.02435368936001,2238.1430344575333,65.52224019705142,56.76115616895251,102.11547547031347,27.572709293692277,34.49172007872673,422.3105296463882,21.082488103290054,-61.52,-73.48,1
-43.27583405402278,-52.988741731052784,1868.2274344695645,178.95656223904533,26.1720796580127,44.93819839361397,76.11733784051955,91.1620248524913,431.92379430469657,21.154077907424984,-46.91,-70.68,1
-81.22556608099018,-80.47066701244248,2604.7333209630383,255.62733251219962,15.353331365360553,32.442352494828405,16.258067476083614,59.304761769888046,425.5657071919597,21.523219965425763,-97.16,-95.55,0
9.258869846368867,58.74683031564601,2488.1975503972635,285.63514340082895,33.90033125699509,30.22073821797309,88.29566580771142,19.651311574057452,430.72752174124463,21.348265909037316,-101.5,-107.85,0
40.57748444260312,-81.44767409739723,1522.1776511882942,350.64299104906866,32.00293158573089,31.47387691617666,40.08032656932456,6.901702040309033,390.4591091493303,20.610347981482487,-119.24,-106.92,0
1.1398555718013483,93.93750564059906,2636.5611745360297,439.30657335832467,-2.036009673624662,33.514137708365354,95.91147617204953,50.341213268046644,388.14770963804,21.549019874932657,-93.28,-105.9,0
-4.483869554730475,-19.88060051757364,97.86516323580685,291.6375971257154,5.511008369186994,52.69467050961697,4.086146000729962,51.379601675057906,434.51522413399124,19.974918103059007,-45.52,-74.37,1
82.42827658600024,-9.8061159398965,2965.315531385091,251.90029976070684,13.718988527583116,43.08879342840246,11.885683962273985,32.560490570708126,426.46876205649323,21.054460937475632,-98.22,-104.01,0
-73.94078011865955,-4.4101917635967425,47.26692817514444,72.94254192349459,36.71596071791254,103.24518281776626,84.52351447054119,52.794882207559915,467.8846661947688,22.21158634942671,-54.69,-71.79,1
-38.78793864760337,148.6285483571408,2217.4348938023004,217.907193397041,16.109070945669536,50.55477696951065,29.146787392879535,0.9733542513442495,403.48204679109574,20.526205416478163,-54.89,-49.18,1
-81.0381620083737,-148.22032568541104,1101.07429400249,434.0868659286752,7.03168577090516,25.335868074832817,95.07143354096327,69.84582166583736,399.38587197089913,20.539403958306277,-94.73,-100.6,0
-47.58041633747569,-78.11001710559839,1134.0428677740322,37.56190976715502,46.05800453565468,110.01117403547198,78.6086845626465,23.046317812413587,425.88828498627953,20.90160804783221,-103.85,-109.8,1
-0.9755242504175499,-3.932802095028535,84.78731102296855,471.9537340933587,34.23676754414633,27.73685438382137,43.63568539245267,86.17825768798801,403.7160911676332,21.7621265376136,-101.8,-103.19,0
-71.71315981583814,-11.068148233789486,1171.5992244233,454.50138962655376,4.200394827653003,37.4755822095437,97.91177243748751,26.92082855530076,425.40032990606596,20.459746842606332,-67.65,-59.64,1
87.81249157493127,14.675729119312393,1023.765440256226,304.67342022657283,46.46670403240837,57.38675610192412,18.99724496834072,0.1964982012695793,437.3336565065188,21.19257383062708,-60.73,-72.99,1
-29.25959706272028,46.669442046898666,253.6935950565944,320.1409337658484,11.194147429724502,48.336936026152316,6.549634265076232,53.8505244503634,401.07192068932545,20.889416266857285,-65.35,-66.77,1
66.0553624233703,-129.8360368925725,728.3251274663451,416.7902801894663,19.896100207862382,47.504588363573156,14.467524368571816,82.45693443873824,385.6003881505062,20.975522059235047,-101.17,-106.53,0
-32.12225606572641,-41.228782007195235,1856.6708807552984,114.96047299516131,22.896695398200986,27.55641153053626,11.383473129444898,9.426268350662026,415.21921331469787,21.054175908938298,-103.18,-104.19,0
58.72602819756537,-174.8996446835863,2345.445066415052,101.5133401862241,7.768551994522995,27.576750390832572,33.51401197275137,81.83584005232976,428.2517452797588,20.443378125472453,-112.84,-108.67,0
58.9700895184956,-144.21431233823498,447.9773219399048,372.5252178693945,26.02981881287907,54.373400726651596,84.75641824183016,98.0822651365838,451.0968993393493,20.798603394254993,-57.83,-40.31,1
33.302294025520936,179.0978766315705,1105.3151405645367,262.6473800145547,28.750452956214943,65.34150874705384,71.27875424628438,3.5255621973036444,430.36906690578854,20.664058021342008,-69.79,-61.95,1
-72.02050234093518,138.82867776466406,1489.2324535953294,294.5850110440986,13.150765979497304,32.03294760210476,27.516137126069918,86.14142070724145,426.2844569886434,21.706500247379175,-112.05,-106.9,0
-13.353441256972815,109.04653250100046,2207.12530877973,62.79522516580163,59.30387339666906,116.41527273462577,72.03556671871485,87.56316585146399,409.4938668115153,21.22001609114046,-63.67,-57.11,1
-51.158830901890965,-20.415748092770627,105.16038599733824,89.05836828731502,42.343425714803786,33.035348021574336,82.9685749909501,97.81934137325794,432.7559289386502,21.09886579685333,-110.85,-108.85,0
7.8322114043442355,172.3956043728154,746.8507525157801,58.07071796608098,29.64826985051584,37.740636003358915,96.27941333335805,45.34446462215045,396.604912089224,20.20120582425701,-113.66,-103.22,0
-44.91744174866248,-101.50106258856286,2143.2509395778775,180.61056284413914,11.902545125206405,27.167885905281654,90.65698473237462,3.8425865255528824,433.5728952290274,21.24791270362005,-112.48,-106.04,0
87.51616876976055,-84.22045271319988,2813.9007713451474,69.11041213798536,8.266912894498343,19.906548799864794,30.336673750406142,51.220312918173036,430.4330378530787,20.438211259588783,-99.23,-99.25,0
14.290485113597072,-92.243104290868,2102.600205249779,149.40359444322385,20.200950000720717,31.174080172947153,91.68919362510823,90.8195878729617,397.4093111850013,19.932494809340838,-115.91,-106.82,0
-24.845493037031034,33.29038115789112,303.8459796717322,388.08179886170404,9.401166433812625,49.85787012919637,21.031516626983393,0.9310104328557167,444.80791951229776,21.698922076490224,-53.08,-51.08,1
-37.22853414252953,38.765798317405824,625.2537048699493,73.93875802112385,14.546446036035865,25.299095677921343,62.38506632233559,4.3341350446153175,447.1557499673427,20.705593715071718,-110.32,-95.35,0
0.634748555549109,121.48836831266453,2433.1284467836117,399.11805931987993,18.174337528462164,32.313389780693726,39.13212859211711,76.60644153592521,414.01417964118923,21.3515546570747,-119.16,-105.86,0
16.477633507450975,-18.896922878187638,1759.8155523246132,142.9996650959551,31.794368238208524,74.44677592669038,80.12689504797116,44.57438754372196,443.18310608216194,21.9798611075441,-33.68,-62.64,1
-22.64518271170202,124.70199823441646,1268.2222617745597,388.1127485804808,18.213343148484846,36.46437616254677,47.14025885445901,63.15933289322433,398.5296075585031,20.201809244906862,-72.6,-64.58,1
-48.17186089721529,-175.3524548816016,458.9498240887871,255.26353993128782,15.497030482447187,60.45122622977697,88.38864131144881,2.046295063314052,424.956732113033,21.529192289617814,-41.07,-64.1,1
-0.39219025846547595,47.56624880189122,1968.4118746904157,334.57861058959986,18.32618030070401,48.72632826598603,84.12730186119728,78.67719162896826,408.8575052862845,21.155205010219294,-56.74,-72.59,1
-24.819160945254353,1.4990898101037544,421.0923574836648,412.58468238691523,22.800537047692295,32.98874070296227,66.76721013609222,18.48392306205039,416.2834066340708,20.848979542158542,-105.33,-95.9,0
-42.94641052696569,68.5069412029894,2479.2565330035554,190.70999274038158,19.69613087091857,27.470617226748843,9.063594470337822,6.287356108906684,439.2664847108519,20.897583237972917,-105.95,-109.98,0
11.611539012752758,-86.84231522448496,2214.4323568109735,155.67947555532348,40.02002227083296,32.096190886068136,38.083781507560545,77.47122353909543,398.49897521876835,21.6578446404877,-109.78,-105.11,0
53.925959317146976,-128.3169428100885,635.4318968498337,171.1723263619214,2.4422792536941262,26.721596584139924,27.90911207543244,73.8136432347042,443.377826274621,20.95759638830513,-99.24,-96.42,0
33.67786595116553,63.7889188135521,1882.9162274441871,199.18553409007504,16.297570530936568,31.194499663374476,4.5907318596857705,93.46057070627106,421.81453124547875,20.974836667009264,-104.29,-101.95,0
-60.50865593658227,56.33201507579258,2635.1075271970954,32.04175574767939,15.474754541738957,27.71206358132692,78.61072275136324,19.56187626932946,432.42813495894904,20.952897781924626,-95.75,-98.7,0
-13.589321510708814,21.99035070686392,2412.8225054781747,75.66089203590273,40.55115325759062,80.71401660456264,16.32944483929848,0.38951212536911806,427.8575265096023,20.82363963182157,-41.96,-41.38,1
17.02267806410994,-170.59786310542287,2082.6201320784116,374.2379548254787,26.867620823109686,26.025509217853454,96.90697353954886,89.34309564413566,421.97509534337325,20.385465514323098,-95.2,-107.59,0
-6.13153641945425,14.442715700281553,2485.2297358880865,245.2970152554403,25.176773097424263,61.417261100201785,78.02099398857479,58.113939630111034,458.2880098932649,21.15410912386135,-69.02,-53.95,1
-86.6373366402998,-163.68127310794011,2757.1327050007776,477.5111654279127,15.379423187541105,37.063282546302496,39.731815755437935,57.64261190490233,460.9196680395755,21.16205067263313,-63.67,-69.04,1
-10.271359499662125,-122.01039831133586,2016.2932084201343,444.3460014729671,23.84088012943298,38.38893630466187,66.36122666100677,82.02227192186908,440.54991735722666,21.059681546881478,-114.34,-108.99,1
20.029846814109916,94.09459604360836,2359.612995582822,240.39994909268682,32.722858889954566,52.665005116630056,54.04751813872176,89.01863878894022,426.21727923091123,21.643168101126005,-50.4,-52.43,1
-15.481213497849822,-23.052183254271824,1893.5559967320548,322.9213643564314,16.053833988576223,49.615717413429884,75.00090171649053,54.83885314100241,457.1221404486084,21.294714026774066,-47.74,-73.31,1
77.77002775930532,139.68753421337112,1910.6430081197875,419.0269667527322,20.880599228218962,30.39674462800067,37.84952904154933,56.452262492943774,403.3943228353228,21.116063915749216,-115.13,-96.06,0
-21.012953054578546,115.6503998890982,1938.049789868663,475.2082617274664,7.909371773148548,33.81784664461895,21.069580226987217,45.09485607672118,430.0897709516793,20.95805151252899,-92.03,-99.34,1
-79.95917781312455,-168.61306043291813,442.00309434384945,22.41738392974026,27.95182291297882,75.98179327992023,27.037296158655842,10.511655407722975,456.5232636239551,20.68488624290612,-50.91,-62.61,1
72.58434455110861,129.22350420767003,1693.4792568993116,235.6295058842913,39.01474773724187,70.49235290054007,48.54297498164004,9.89669787637486,407.5258900844416,21.472854066518785,-32.15,-42.93,1
53.45263791144157,77.3684351346352,1674.593042426634,85.58473658144541,7.429618497780549,26.097725776624912,10.185036379074763,84.28549943486641,427.2403053289215,20.29258650810557,-100.12,-99.49,0
6.226964191372957,-95.1629489933613,1579.5317334329452,157.54920090318583,22.15521136083753,86.67026460282361,1.90450615299127,39.92850969603489,448.47641815286966,20.68959258242229,-37.24,-43.53,1
14.86220419387989,161.41279723777285,2411.5556425191576,197.8421116626001,18.950070993612783,61.802940240518566,99.60964696841752,53.578868671782274,429.1198793756151,21.31905375126141,-43.42,-61.34,1
-41.12695569333409,40.80637959688042,1830.7151507164162,62.61674518344843,46.00055511349897,112.48531294041967,57.731282496580214,77.40740027597236,420.0611968492301,21.42238661379041,-36.37,-49.84,1
-38.445598438372016,137.76310981010545,2091.076492659158,230.99435383173665,5.77610346924992,35.81597000377878,16.349556337845307,57.703529610299064,407.94161173612565,20.589361081952426,-118.41,-103.05,0
83.60698210626506,-62.903807215087866,1720.3229055758648,177.66538553238723,23.420693995322512,26.10412132612196,65.96981706639475,31.64393660842211,449.2072581289729,21.05455668769117,-105.97,-101.38,0
76.90188959186,-150.28074279668303,279.9987035191774,41.69172073562903,17.28406522154604,19.942298269206855,80.57939039966689,34.88184684378227,436.66492031368733,21.22384670202064,-99.85,-102.68,0
2.9983776411764467,-27.621721479761163,459.97221012080445,263.1150355070072,12.090879879544493,36.2531794268444,25.524685052052064,38.18607031872205,409.07957053739193,21.22471126280736,-102.08,-97.09,0
75.49295865649387,-50.56594440667547,1716.188383394477,321.83063815398344,30.592453900315068,44.611341626038346,88.33678158999282,1.9766670988325075,431.2746194071204,21.48526371142927,-97.48,-100.99,1
74.83806928509111,113.41179812578099,2472.009001043122,81.58913147271998,17.779426524196808,34.28296466487321,70.63511144408098,19.895040328545434,422.36054576518245,21.349262222283954,-105.08,-106.08,0
-29.198163898878462,-177.81809891590964,463.6722198384371,305.5439795589115,4.482871782336675,33.816095677390166,20.323553099484236,38.03845196443479,420.7005065052058,21.43465941852582,-103.38,-99.82,0
26.415491860734306,-61.56199825698258,2907.4965425369032,452.8599478181015,40.00196626506175,51.685229272484165,49.02275116868772,4.155572688018405,446.77459576139,21.099848037242225,-105.25,-102.01,1
34.66926745633398,89.46995747954418,378.8829428208101,172.44562355634753,21.0116402396163,58.79926364055939,30.053733301184515,12.594108082379996,421.2937384672727,21.64162230378171,-53.44,-48.65,1
-32.7526226172642,115.51384037572637,1853.455761059784,39.37471604851797,5.699652785392807,31.61617251227209,67.69477929575974,37.771879802568044,405.76722380799185,21.108639577636072,-101.7,-106.37,0
86.72332229217491,142.48163052406517,1529.6339069415865,413.5438651861892,-13.474876297787791,35.60540309381219,52.008309740508466,91.0458183604714,406.2524741300043,20.774818242330564,-97.97,-109.91,0
-18.51683701727329,-56.522681626502106,1605.9678150413486,72.17950680094859,21.3819939861783,32.7769412043649,25.658309488509257,94.02581698000797,414.56722984088606,19.912496786415424,-114.41,-108.49,0
7.613944803434961,-103.95572205070424,1948.8281804069031,20.60337154844805,12.001251461585735,36.900680736252916,50.18942966477085,50.43594552094516,410.578150928055,20.820438128864904,-119.04,-95.23,0
-8.051819427907589,139.0351345381011,2326.603079252285,487.2096003291677,6.914093938534355,25.35706249451554,84.14733075720291,69.92730549563306,403.35762782414247,21.089625124918644,-91.77,-105.47,0
73.57120419848883,119.34980480865414,2304.136769598735,281.51809784215874,29.84515761057355,35.32424558230489,25.600432379174055,39.73068231183593,422.1646562648758,21.309646633676657,-118.37,-106.39,0
-85.8590608368747,8.494402705041296,455.82978350776284,160.97616542742313,15.758172748081737,18.06735393831589,45.083728670933176,42.5210897667221,421.7650151654274,20.716953640098136,-99.23,-106.68,0
27.777505837476042,-112.82501278312941,1422.8711938171327,118.472089076994,26.911991693841202,105.2019458335919,22.6655775940134,98.02565829342424,446.6907892530268,20.0652496708846,-42.98,-77.9,1
-12.54104034189902,-58.59189980538075,281.790783656747,348.47040068017003,25.198025110923435,44.24194098790777,51.980222312204226,70.00402815979646,385.4632413797922,20.520736907079343,-114.79,-107.0,1
-88.46136599380162,-138.02387483719255,1865.9010902888685,22.620198176891336,25.396112614637385,26.842561806939294,32.442548866267984,17.996676904551055,398.52330156997937,20.964490673343878,-91.17,-100.72,0
-52.87349306740852,-11.616623800901607,31.93148906545129,108.7337779812238,29.810657723991135,77.96318175338152,29.222128121592238,70.81363157497023,410.55838161455705,21.477049047712118,-109.37,-100.81,1
-81.62978956928978,-61.53096837030316,2030.3357600072852,17.06496438978003,35.17844125790043,31.990209283431504,93.27029020018368,41.633327215461115,374.67253950431837,21.345449932147904,-116.69,-107.52,0
60.81472106892457,20.671559952401367,859.7290204314945,182.24994180404374,-0.8324545024428289,24.358236844744308,8.483055810953822,59.10571167779794,397.26745714399704,22.12907206079962,-93.48,-99.45,0
-23.72096111087572,-41.73667316634223,1876.7040575298888,418.0473422718988,32.485671344537934,41.029396627370886,25.258003150795204,56.09047267152039,407.11945723021904,20.771814269182844,-53.91,-64.22,1
-28.690713154034867,122.92160398596207,2300.1870740969794,47.4047355928503,14.50515057526237,31.615763042469375,35.78286509975225,27.798043082793754,411.3118618692493,20.551754846915813,-109.46,-102.02,0
28.519152725284698,160.69561629802814,2521.1497333863554,406.7070151707003,7.102292142384561,24.441499940031665,96.7844624554028,82.57557841611553,454.3530308322045,20.688970390109237,-109.71,-95.7,0
-77.58485587241061,-165.04567253641258,627.3445239611917,309.5287317503212,13.284062385092703,49.16889754784776,49.58382232490743,36.442803571403495,415.8063666809919,20.285413154752746,-51.45,-65.13,1
-14.72511017767738,-161.73204045445982,1037.5918346386559,178.33290896391347,23.615331594743623,23.72643222321657,3.6888082522218535,18.78783876507103,434.6786645405185,20.505270970292813,-91.51,-109.83,0
-8.969576211065544,34.403491386671874,1830.4108990434147,27.66624304537415,15.046015579677041,33.540628446452104,12.582107664681697,5.963610624178406,413.0236694131415,21.417868545328282,-105.11,-97.16,0
30.436317303655528,-28.95443585489349,2118.087620483869,182.20226781723497,16.84194233733812,24.858555723766962,42.82631579490243,76.48793035057344,389.7170504314688,21.504340178382858,-108.9,-103.85,0
-24.913735417621638,-24.63759313816834,2423.78163926709,66.76807524651323,38.37273916440336,108.8716549135151,9.563725204117969,86.48833429141077,443.36048977850817,20.706980387181183,-66.21,-60.67,1
-62.00048026941484,18.085227911874256,2025.973277650775,403.9821614664126,20.683699621220985,55.1854527674665,84.24995230894629,89.18911776541964,397.7645393472389,21.483937164570364,-38.12,-46.45,1
-86.21496698387553,1.4337923298363648,1813.4464377553795,278.5926465826996,30.297133884668057,47.59249260283507,4.693464344361676,7.298346537323919,406.9468154287353,20.69083850860632,-101.73,-107.36,1
-84.52225599346289,-66.80531439315627,2198.007163920962,157.55935524982505,25.033960269074846,33.39885544005154,47.62935548355692,31.830700329797214,451.96757076468816,20.265277220958314,-107.63,-97.1,0
21.862569603936194,-47.67481894546958,1359.2278115740633,134.52860076730877,30.332448209560148,89.7627090746624,66.32891703432412,10.15953399240087,432.86172977753296,20.566754936662097,-39.0,-47.4,1
-61.03780138232383,-74.21598232629877,1234.4487179389612,131.30222018560352,25.38651834105257,94.26847861992204,75.77994354671839,76.00771922924197,436.26801462744055,20.404700145086014,-99.95,-98.62,1
-85.55098636401507,-10.579922800586502,2204.3428118112442,199.6089095159586,16.899555385302136,32.45493895324268,48.43993560657056,80.22803316007455,404.6943211097621,21.719854179618768,-92.17,-105.25,0
40.06586908135887,97.71824073189521,2650.6512395810096,54.569298522674536,48.4269384091071,67.93661405499445,10.593955269234002,77.483732838258,422.3329552979323,20.789754259950048,-66.65,-44.45,1
-33.30269142955831,-125.06461555406786,1346.2425681716286,111.53468980471331,42.36317290474047,78.60440257804001,63.67058975337373,71.87587442789963,450.89313688904633,21.082026430940893,-37.35,-73.35,1
-9.938907955247657,4.123819632936119,1403.3457188152286,239.3371333490889,28.0932847579917,53.43941607635855,38.720931312579644,43.51453623171041,453.6454879360672,21.361699614038542,-103.22,-103.67,1
24.54860778127346,-22.815248309964176,580.2312384057129,34.04663735089133,50.20364373936476,69.57822224076025,53.646710838664816,72.53035025262005,466.3788441818418,20.174658669954827,-50.02,-66.54,1
48.61742656741197,-80.40624531412439,222.36424578470738,366.4545509463632,18.28333497555276,25.903648002238423,51.87488904783033,5.4281459636896345,390.8582105446292,21.023707675588806,-114.59,-95.51,0
-25.767924889792226,-26.007592129790027,17.04352972147083,135.57645606255016,29.1497240681883,23.425978019172007,78.33007811489875,36.967056241314346,411.08406611827235,22.00154134326521,-91.19,-101.78,0
46.5483387188564,65.34081479899424,1932.0059024140928,269.64041492990697,-1.8884583509154638,32.99955463836964,89.02978393306708,9.01870599901411,432.8762336158146,21.593974313675776,-117.47,-103.32,0
58.75764341381651,-92.12966977346832,2840.8957521054563,173.5739474873191,26.614511970815883,65.70311827370065,16.779536789005423,7.75269573895534,421.9023766272284,20.39769891220827,-113.29,-97.45,1
32.18423839892587,-16.127233350523596,676.5035288402267,36.49224951217867,45.7236383481621,78.53332990373174,46.51637260979691,21.293154918062353,433.0920903408228,20.765552076076016,-59.94,-54.48,1
61.64831696603963,124.28655023293055,698.5401342687171,332.58043965374276,23.154352016563468,45.43490456323115,99.20755190636937,44.3726089246393,434.57512488208704,21.38186901736003,-99.05,-95.82,1
73.56363801698635,-172.7636804037752,1075.327097477237,476.9112256929196,15.608409697456153,46.37185825359151,14.130529037399553,62.83400036729332,414.67164424384714,20.23677981782713,-46.34,-56.99,1
88.7168099876339,24.626639840658328,1136.6625826815443,181.87220358600243,8.449029178577966,27.958785055779437,27.838447610822225,48.473960748613486,409.8949577632956,21.034642282984446,-90.39,-102.45,0
-46.460437300185134,-134.62372558089282,2187.6602830858506,177.8727913956183,20.637917287367976,61.2264865277466,21.486785625379557,6.222952638856993,431.5352006872256,21.295189568028974,-73.18,-61.14,1
66.02009329106352,92.435275871687,75.2475059095642,181.16145828905002,37.20588181691616,56.26316717360763,52.462655634562175,20.862870048832647,389.973818487044,21.338503011146,-111.14,-98.8,1
67.26975676016525,20.922111365400724,924.4284407043264,209.32486728524157,13.057592239336731,37.35290464889178,90.47967216682042,35.32410040309297,404.44176908510025,22.275833108664216,-100.17,-101.53,0
-63.41282128403192,-134.0088588543736,2820.232443303313,140.0284238516792,41.13912107394119,73.2397282804371,75.99335057675545,23.40057095244208,426.4005706724334,21.03811787306519,-40.36,-56.59,1
-59.64302989248609,150.30513878994253,1929.9722881761036,350.5626020571265,37.779072341712,53.99429362136126,42.77275749520428,5.476658463451145,435.1325496708748,22.15507959398147,-92.1,-99.63,1
-81.35785096776017,-117.50861467288522,2783.222941383667,150.7400717174753,30.78060329397553,70.10763161329139,93.56818197368467,65.06899741867478,445.645370160186,21.25265122890735,-55.16,-59.53,1
7.133615375782554,18.260290901631095,770.216044285774,231.65996437999877,14.960528525081845,32.91110548493285,30.35832382070357,63.48611836703546,395.85584935657675,21.48278882843709,-98.14,-109.14,0
-6.019686387396916,0.9186777656555307,2391.7904641589535,385.80289094067797,29.150566127864124,43.60226973589754,53.54320526382396,58.92119875036966,418.7579672726993,20.859078529758598,-110.71,-102.73,1
63.940090506959365,-10.857504002563616,539.1627464162184,484.5369488394045,11.347401549874975,35.90441104777061,28.901548634427076,25.23707269687756,380.5707887408995,20.402341183866138,-110.7,-104.52,0
78.05171867999769,9.745778705053738,408.37583543035305,368.05180658389736,4.345491011381013,31.943365759151142,47.57134676656866,78.44892413711145,426.1293322358478,21.18347032556171,-113.86,-105.03,0
0.02625096093468926,143.9444974874255,2305.3961895811744,492.29214516173647,9.50750751337506,25.939450107347923,67.69280822280207,78.4380954510217,429.91430463913025,21.183839214583713,-100.65,-96.42,0
81.25170849144484,126.99205950048514,1686.7667022284697,490.58274840515395,33.17710742802784,26.43708836990514,91.76264557032816,52.301713102154594,426.9477941905684,20.811146299964655,-102.27,-96.88,0
17.839021481791903,-30.252926644950406,379.1441339959607,404.91182678009864,5.990780373606139,31.839406624134675,97.10022080550694,4.272363472575458,392.47093010002243,21.54376904919035,-105.19,-104.39,0
19.813686656853022,96.79778572470428,1771.8552633081197,209.18948833808355,18.733641659714827,73.07429049003093,90.94812041061283,35.673993552201445,426.3148219464819,21.121382713517907,-53.12,-66.75,1
-83.16254446762332,-38.877092030461824,2902.4563883200212,376.07140249301233,6.189063811004193,19.05236503845689,93.67964155884661,34.053141802754624,436.06207979405593,20.60999373845607,-107.57,-103.88,0
-29.573153584266116,24.871083870333933,2348.851527984659,397.18060521994613,16.394466713659437,33.43683957810875,87.4080960136659,39.28730680117118,393.44589898211143,20.749023298215757,-109.46,-98.01,0
17.079304678061973,161.24202010473766,2823.677124399545,89.76417373285088,19.301618008700913,87.8462327862097,86.03131480607492,71.35089546790037,451.5945425792583,20.350986083239665,-45.12,-78.7,1
-38.30581714726945,100.52172000619476,323.0514602327774,223.65080535426824,30.13608348884477,61.827485890262864,16.76093570557028,36.0579878804452,454.05420726271365,20.394155561995706,-115.42,-105.85,1
-53.96646561645204,-23.170806388323655,1168.3102274768376,35.99741068050762,59.29488183891932,80.32848054429522,5.27052758075881,68.54831647231163,442.0357899192637,21.448138613756267,-43.85,-55.95,1
-49.83856290189256,26.445571971046604,347.0947434452736,113.26650355153497,17.89023018845005,32.518729138234924,98.80144774318428,83.45111271512307,431.4222004540678,20.704660043101047,-107.92,-97.35,0
19.01049935098905,77.61491122139631,93.82202277447871,260.14510253182857,9.255473988383631,61.368221919765084,7.800597393067454,39.444617565220064,407.10511926369026,21.446857621793637,-58.42,-54.08,1
71.88090122291146,0.7218924964157907,2674.600269739629,214.18093714125408,10.593816525929464,27.231643285953883,55.490536440181195,12.826125007699464,416.28945931290065,20.581014506136793,-106.92,-101.05,0
-72.87356886838397,38.91362993449465,2079.3186115455082,404.6378273761571,6.491446860533124,34.016000827575496,10.193401776562183,81.21399584141739,421.70714181475444,20.10780936228164,-119.53,-97.77,0
22.762245710682265,46.8529776317024,1785.011800974663,405.2340961375131,17.39400934376021,31.089707260320935,72.95742565108299,43.94720455285235,411.2863540791939,21.01553835083503,-106.35,-97.88,0
20.658374057601122,53.81806065070856,2795.104930107363,24.33823203651868,13.370876318002052,24.12534549799404,21.598810943855938,36.20214691580779,407.9029062411145,20.64674165826425,-94.8,-109.96,0
-19.94608448643379,-32.041928251985325,446.19652972873615,295.0949947143683,31.529227897349053,47.038980225670095,84.23824224007478,58.4843646438741,421.8345484841487,21.420710754181677,-39.35,-69.97,1
6.776981519769052,-119.3217969097418,1155.6521046024236,177.32977603569452,11.853060576127792,29.651508791559205,14.986913428761772,14.978654598301322,376.33175425398014,21.41545188861978,-107.27,-104.67,0
-47.460944856562136,82.28171264454596,637.0426157638535,125.59653222450218,21.948661229881083,74.54796050224905,46.651151673735704,59.45268150159726,430.1125298887944,20.97631353138115,-31.38,-43.42,1
13.31394424581056,29.654407655108486,726.7490216322218,441.65087057524136,10.193660708057616,41.53603773245344,34.0382098895734,58.86153067842789,448.96916188463564,19.740268588739994,-74.8,-41.72,1
12.457188919451383,-94.78855311843701,1568.846354218279,84.20714326680366,8.042691980343031,20.980016128744346,77.48939282155972,10.554906434717315,421.3324671509606,20.31577389334245,-112.65,-98.89,0
11.321690745477582,-79.94560466995902,422.43225169207045,304.27852079097966,12.906486148361584,47.21651076198248,2.118098827611037,28.52985387166812,443.98668013350147,21.168745908572802,-91.36,-108.82,1
-53.49759377269668,-110.6484210026169,2004.3448895841007,108.19811646364433,24.888755559665654,63.5573620136422,6.390798029370437,48.11774463633024,445.72807305161564,21.260350027333242,-45.21,-65.85,1
7.3515920985874175,-168.77161627655633,2846.6664816975285,113.51014455300378,35.46009393399372,101.29868512618182,14.958826069290843,7.786752064195756,398.46838494998303,22.157282576052836,-42.23,-68.42,1
-28.420185413903724,155.20846797771372,166.9795868339611,23.829308050381286,6.111990923059807,25.847660024702762,67.3205041705371,92.16473527695366,412.3344180672011,21.08944853199831,-94.54,-100.21,0
-26.897572184763277,-26.48516980795128,439.9277533744428,367.423188961091,10.408294952889971,51.48181847617259,71.58311037634456,89.47594795219398,431.65882112937993,20.705639486273043,-62.03,-61.24,1
24.520193558553913,39.52999447013346,425.9357645386104,289.94973617720774,34.05954194468939,46.11307779366513,73.52652232009945,6.460341267092318,433.04626997141946,21.529422913233095,-41.56,-69.25,1
87.62605014669458,122.05657899019957,1009.1846300191694,111.98309935700337,20.392833112362,31.51400438391801,26.705642973684785,51.45985163780114,407.8889638448547,21.94394984372074,-104.94,-98.86,0
41.952542461028145,-129.88066946584598,2253.301565522288,375.6954407109241,25.11881889216839,39.48376810769406,91.86275104872325,32.673674935396605,462.6558720077173,21.193521050332283,-103.06,-99.55,1
-78.56905837143547,166.43404561822723,1521.7741216796803,91.84611445141637,24.25573171985092,29.420708501645716,18.322184599698723,81.81714323287339,402.4159688757007,20.964957622598362,-100.14,-108.79,0
78.91272601594028,90.74764341669265,1837.3641837401856,326.201983449838,35.98819859822265,35.84191812497026,30.373370680097423,28.68765278147708,407.2415488167305,21.08949524784412,-103.89,-104.1,0
8.082878867825329,98.13341544797964,172.05293208384808,402.72237523538934,11.289335403946627,22.957879955942406,17.299649053873168,60.11957408547334,421.9776993175513,20.936213909180232,-117.22,-108.72,0
85.40819429723868,20.461386168607874,2684.421854125444,146.70463203487594,19.28430787405666,67.72402146768442,79.49573077562727,51.1051492079053,430.88395323312506,20.94878833813638,-53.68,-53.77,1
1.6869522898306428,-116.90071336048274,1816.9213905067434,434.09174902728836,27.36144492037162,35.838964415395694,61.84108371364266,71.56287084548653,417.0217969434889,21.26462804203343,-116.71,-97.41,1
-31.655547228358373,42.386391200454455,945.83865196628,489.54895523740885,15.998610911454717,35.679044328768974,96.37388752211837,64.80054292344036,436.7134531888392,20.69936537016147,-48.06,-54.49,1
78.62323228039719,-56.844795318941124,783.5061656833929,138.490500057318,-1.0647320304434231,32.78188915782462,49.34919432704792,20.121878132288874,399.15892362923637,21.684213642127865,-118.92,-108.72,0
-88.74237635493753,80.87625594383081,2192.7149945694537,296.63465195908526,32.21615115780738,44.087898351286896,17.87996131007138,35.260174595238944,388.86656848770815,20.629563687270466,-42.75,-72.36,1
-7.130982314130492,0.5668082440476496,966.0804132687639,217.26800346435954,35.94648794286176,60.53335969525337,67.90735061350782,98.13503185910216,434.6192486986362,20.800988445785674,-69.38,-65.67,1
-8.495069313743159,25.17837593837791,2978.6573863249628,247.8164891355807,24.807335839694524,52.691498499813534,84.67758942662046,1.6439895651083503,473.6017032318404,21.532694256101724,-43.81,-61.51,1
1.9912362490377689,-14.143298093550925,1739.182638640233,484.4322191005913,37.61627774715788,29.64712031643499,43.67435578289805,40.48686179765014,432.38057821925065,22.06455316136274,-99.24,-99.68,0
54.41554707443092,-17.726711749482774,58.29802977451948,57.338930239445084,37.22762278091983,110.73623588772634,56.622465012354986,95.4776339397446,412.6296093785969,21.026219171783758,-54.62,-79.31,1
29.723915585061746,175.69309219366085,1555.5435370397413,315.1958955477306,29.209592545976903,60.515216747075385,69.61840359619619,51.46964560486678,438.68724239383437,20.409567818734025,-42.14,-65.03,1
-81.54283013646547,121.14453831868548,649.5915750275664,401.8861299609971,27.701979993161753,43.039396450012894,50.97676189388258,57.40205715161649,424.00778189366406,20.79028475515867,-93.52,-101.4,1
34.362658411349074,34.171312116251755,2113.134689516336,140.9313533970828,23.147810878380874,34.51688045132326,48.29095430434195,1.5897369575897269,419.9873432998446,22.170777685622287,-90.88,-109.03,0
-30.336728042187076,10.906908181665017,828.7869692268245,66.9067582087558,51.54530691496615,70.34113846530525,90.49243282820414,91.33961487863647,431.2485218632872,21.5719141282393,-52.61,-63.51,1
-76.5245276614422,-62.6349084238398,175.27210693288131,28.209839391229316,39.88334830416167,31.879573998353653,43.81035847517888,98.34337492842924,407.6482111137016,20.48235760631132,-91.91,-102.32,0
75.01955453376999,-21.000463630956745,559.631770254348,451.0060847133363,31.39387676462468,33.847958873179905,93.28455503728154,44.466112653839005,441.57674877108553,21.381399112686584,-97.73,-101.79,0
15.785803216458064,-136.70232777372524,2732.943158717249,339.05144135700937,20.952771100103345,53.14736187397587,55.551512577732375,45.71581047594203,402.5884052300998,21.08287674312368,-30.38,-51.57,1
-79.86910070015104,-71.87534853625566,1111.594244965726,455.1588421333702,19.29609537792361,26.793638287341114,28.133710163229086,46.743845354100934,433.64456980615245,20.919071229041588,-113.27,-98.68,0
76.0838247038424,170.78389252657615,1210.307488607432,51.86810292607127,0.5817960258408643,31.568782406181274,38.39945729549888,79.56189621783258,425.0799493423315,20.520756955463785,-109.93,-98.4,0
-3.4183420176918133,6.123915451412699,1178.7285638926112,295.5118241385772,12.335184520660698,29.143688633268177,34.10073491075756,5.590484463294532,404.34027274300587,21.313738401012486,-96.06,-98.69,0
32.72093622650597,-117.45932184169297,1283.7753937506554,78.64908710332425,19.70821924028077,35.41533951432022,94.78236960766402,49.70855122216597,412.8987826962529,21.528160392018826,-99.3,-97.45,0
-46.407618145109765,-68.35334366967595,1279.122348932652,287.52323488187074,17.744582641354715,56.91681794089297,76.04524656335572,84.61139573519144,450.27925330860876,21.533713431113203,-66.25,-56.56,1
-85.21548485154653,-86.23709683983856,335.96469280701103,246.79779808735407,16.40724240436856,30.714176456592565,54.15733381727655,79.83005652725852,418.24770204139577,21.32460885876969,-90.28,-99.43,0
21.57101997574628,-59.29971165075247,118.55388175829307,280.93442850421536,22.03891095827992,31.103575919478562,94.6595054361675,59.15219504223904,408.2090774244888,20.57542883929418,-117.45,-109.05,0
85.16058175862719,32.63962476727207,352.87952058740666,435.05871979040717,-0.2341403676737137,35.03617068459379,59.89503936391534,21.21841216082061,429.05660501099425,21.29899322071311,-112.42,-102.37,0
23.902148871893232,86.06431374211678,852.4151598653967,346.763561099039,2.0921006056138385,35.05232332583292,16.829178716870995,47.34551887784437,421.6006942325025,19.769433404573466,-98.41,-108.74,0
-47.49049292256877,-57.442474089767785,2410.998818397276,489.4390723167304,15.918120775839125,39.12928220591606,88.56857054704226,38.91183656803796,429.29216971120724,21.286433493119702,-109.29,-99.98,0
80.50772207934418,148.77635797395902,964.2841957479733,82.44884695765002,9.39768319089831,30.374338782137176,52.27251235663816,69.75812187793962,394.6376272439831,21.443174575132232,-95.83,-101.15,0
1.2588671817268278,60.9945367071719,1315.0173973123851,153.4269931094513,7.57914856073108,34.07827357111746,34.071889166586914,46.232434900425865,417.8548902908806,21.17749569094367,-102.64,-108.64,0
23.832958438403892,-9.58691731385349,1677.9781879345283,177.32547957676047,8.201808615308952,26.355491789913806,94.03753386480344,68.25931946948842,420.6472026043215,21.15925587117253,-103.88,-99.5,0
66.86369201667031,2.774057678233106,298.87826698902285,169.64091657504784,19.024805893880547,51.04796126530688,0.8317845464516638,78.19523396832267,426.51507415413556,21.797916589571923,-47.49,-72.79,1
-79.26707950733902,-118.59544676215707,2702.407171752376,198.56524440695136,4.876544712090453,58.0337711160082,64.5944603417078,22.08957018491684,474.9571435148583,20.550956956095607,-33.15,-77.41,1
-48.3929956410058,2.3610515455949894,1852.7878602543517,296.86313188796123,29.57332133823676,33.74255556962109,17.767122353820174,15.271972644262666,423.979742445792,20.928629130228877,-94.22,-106.47,0
66.45214553281076,159.93408391760124,1509.4452441541805,482.55437289077634,30.950746227480778,41.31346155552713,71.62957920098515,77.47876921335244,456.93331056966605,21.14096541207082,-106.74,-108.67,1
0.7226279492668795,163.88111515854303,2989.922801024224,186.73426396775324,22.56130771965463,27.741150591773255,7.640223604417207,17.682142458012528,406.1261498601363,20.96614860931887,-111.37,-106.49,0
33.44784835524419,29.306176505012616,1768.0599617781997,489.3707186660623,33.236438580264306,44.15521567101879,44.73923887616339,25.35372478996305,422.9301110707252,20.760852023050024,-74.57,-53.93,1
-44.49967747454096,-44.704212766155024,2986.118847316663,348.8391097896057,5.288579235726745,34.723479931420485,99.92575266789919,9.063270848540771,387.0252640871025,20.410260118511538,-115.62,-108.93,0
-76.06457393483517,0.7207153027794959,1702.6303297350205,325.2664584256227,8.181221943228358,30.488287939961655,62.464605786734616,17.678725832457765,433.25253214958514,20.885708770091586,-96.78,-103.96,0
-7.195841044987006,-166.2825240245005,2782.8443117037577,25.30335291943989,44.770251307728756,75.87400294432331,79.21596645173969,52.94911352252492,432.73757712965147,20.893387864423747,-34.59,-52.56,1
69.94832393000439,-69.05250348596778,2819.2012255469067,427.650099578405,12.35268905419195,37.507010132906245,47.01887148001003,89.85464717922709,389.3309317612708,21.108331585863496,-98.92,-102.17,0
-6.026361808921365,67.6901987432255,2297.572554488743,475.3406399426189,9.50227431546132,25.368646903167743,47.65369680082217,63.93773510826887,421.9666560331247,21.44034000687845,-90.21,-99.06,0
11.906988204600793,148.84190305055972,1869.4894180734773,86.28834431673003,49.54116520614856,100.61246102722322,15.476125201188594,21.260507887898218,456.218700222072,20.569288877468075,-45.16,-42.66,1
-86.51017119359472,147.117809427772,1062.415865313863,61.313293265799054,46.94093754437378,100.42378923156326,68.02814330027088,90.25602128909865,448.3322617038774,20.57804590401565,-32.47,-64.98,1
-88.88354843209743,168.15463102129138,1550.8351393759647,287.47520477010704,15.79022105037458,22.979624120625108,48.91396064305907,53.52000567778995,420.87748718937326,20.90429307985186,-113.85,-98.31,0
15.539041085311652,-72.02819492740326,884.7684553130266,70.80824852366791,41.81845722170783,108.23221773318657,99.92045530750838,30.293704095951192,417.6011941495153,21.33441922349374,-108.97,-104.53,1
26.16336493069926,-68.14907440970902,2873.3957129261885,398.13692281428206,7.123666685213035,30.98091915061152,15.288266100861547,45.831810634125716,427.11857841146434,22.12698357542017,-104.79,-107.01,0
-12.386297022759436,5.342097838702642,2288.095401270663,382.4498973581388,12.327276327248477,46.6432930689919,27.826508017016373,66.05814418727769,428.2828934156836,20.9123319718019,-53.15,-63.08,1
57.25271533210699,-125.25577698630453,2163.6261557676485,374.6663850082081,-3.646639047718999,34.40367770557235,97.37937512856894,51.15981302017156,394.4140605859655,21.478060149592572,-112.54,-103.42,0
-6.210866876508135,91.54143028177384,848.8922308225734,200.62172508839197,37.11743951178302,54.62446960121071,3.2972353795409304,64.43537404057258,428.6451070187587,21.105621117880446,-94.49,-105.07,1
63.66005748712331,90.89254012068272,2982.6392790681653,105.31687762172078,17.663228976929435,31.405031380228785,55.78266883334133,5.920933245607751,391.0035007854052,21.330264122176178,-98.36,-95.73,0
-21.413813420086058,-90.14045349873685,1712.6261142773737,167.8521459967204,16.90426116343691,35.00688736864131,90.71133451141262,38.415902181605624,422.71544080259304,20.946762652725283,-100.83,-104.62,0
57.634293052020155,159.79264648363431,506.43044858675313,343.02320334653103,17.762620927055096,44.88359238656335,34.588412686952616,37.7120745525804,418.5576813479912,21.239250626381185,-94.72,-108.85,1
-79.51154188571604,57.76749472869818,375.0781079416785,410.9841363034068,8.7002991330447,38.87851669417323,16.298525779449303,27.423763734514118,394.85781163516833,20.32386804596015,-107.44,-98.63,1
49.132383867566034,70.24699316581533,1572.2337026849686,319.0212820750886,31.765903740001846,33.69669595978424,76.3832747362471,58.73276696548347,428.71942617907143,21.295008919136606,-102.38,-103.05,0
-35.78647843274891,-110.38889121453975,2812.9747373281234,57.60049201760932,22.583615361865334,24.09444632109726,24.858085511634986,38.54956118247384,442.506675147427,20.949349053575727,-100.01,-97.76,0
-28.88837693165869,-90.40483918571593,79.48919170932544,42.06448197845515,39.585730389681586,72.54495973612859,32.283718444833944,62.31825455873449,428.59521291827014,20.89235975868581,-36.69,-78.46,1
61.54672042978686,-54.07553179546437,2937.5443936311335,287.2678839181403,19.825193305203726,33.7872445351109,32.43089647030269,84.04302134032217,438.75373276321403,20.94477852708386,-114.24,-96.29,0
-52.678567905012635,-40.513980551475555,879.0725049999414,298.19060842942525,21.846357659159274,25.530732484907347,91.72928889561705,3.34756963255719,434.0331392289282,20.889370270186923,-90.69,-95.0,0
42.591968263576376,-93.44850718445404,1166.3780010023502,463.2351337486848,22.56605969796115,42.832515806940705,54.61133854619806,79.37739851616197,422.1720190670219,20.387030747591268,-74.94,-57.26,1
83.06065000458779,-171.9689358315626,320.2007340179335,97.02545823631486,28.097019110189315,29.789799188560632,37.10982104828611,2.1851812706359164,415.3944679595439,21.571055689602833,-111.96,-99.86,0
63.34062183217853,105.20207869646384,2381.5811409798125,55.57572015021038,32.1055344053617,18.50745885311366,94.21222075844746,25.010481193942258,402.09596150191453,21.292743478148264,-102.09,-108.6,0
65.72024483958825,-61.31223699786908,2918.49724893846,374.36304125098576,8.643005761000609,43.10998572092373,68.58003657994452,15.616056973734405,388.7792986358386,21.024899839216282,-46.88,-78.21,1
-9.529715282340973,130.34079148289186,1132.2662913056374,424.7783640778808,25.033310957721522,25.896131294375504,87.72969590758464,99.27106364635733,421.7816424771838,20.678832343012317,-103.55,-102.07,0
-7.625807764324648,89.0575410641153,1116.8360651783087,347.9384832549604,28.666728600601598,45.24064349000978,90.31750962941858,54.655531720165776,391.2391438711923,20.345062985096277,-99.22,-106.51,1
24.530903167221794,-157.5183645127411,1722.0460044041713,406.7040328736785,0.36019947349986836,22.840275078119056,0.4921028011159345,7.506201626918796,394.48057153385736,21.640533350586338,-102.29,-104.1,0
12.285674904130246,48.63589212641986,2052.8831122655342,160.50633950517374,-0.6318111732544942,66.11277025223238,68.3227701784293,96.58876814722694,443.4259434946146,21.416166278850362,-46.97,-73.07,1
-64.86797965041019,-2.9954311901694552,1605.5147243305985,201.40467089719397,22.99325181710762,36.123140512729684,26.731742203316056,38.60407763330828,365.99243900348915,22.15005457198385,-93.04,-96.63,0
-29.435370191798008,-165.32783959947366,498.1968313044441,30.586314841519812,15.793744681371617,32.058449870018464,45.80170104321483,22.709211657013018,409.63491459693483,20.990292470892133,-104.12,-98.29,0
38.23439978361648,-74.75432790340344,2913.2371679117155,384.7523104348581,5.926038357512179,59.559427020493516,20.131124868959215,13.547819060826738,441.7948495478046,21.503409909803175,-104.41,-103.95,1
16.816738925374835,-140.84744477179777,822.379422938406,132.67933560061147,23.357447887785543,99.25445107404747,90.28099292817392,90.45074668428497,387.16005569170676,21.668828052070367,-119.32,-96.74,1
-25.374351696530397,168.21299110006402,264.87944922959906,411.30888062141184,27.405618506192322,37.40114926644475,52.34807022918524,88.15403076883574,419.9390175174314,21.536227661677515,-94.89,-105.67,1
30.68431768651196,173.0876481681123,1462.8861387145987,123.95813764476605,32.86454646962048,83.33758881310698,40.71140964772996,55.17990532407783,423.18200065095544,21.608882914345052,-60.59,-52.84,1
44.42069823696667,108.75434219990058,2650.676282126474,336.9630137235409,15.265889550270652,32.78449009578701,26.69979694270488,6.6566722332944135,428.982091013417,21.15609022383243,-112.1,-95.39,0
-8.539023456356361,64.11590228576898,748.3376472699526,485.3998842028981,31.580397020294285,45.23262605465597,63.556660122905505,15.30655670561768,427.9034414878506,20.985550660647856,-36.33,-77.02,1
89.91501280310018,-104.02933379898415,590.3256067947506,392.5903238487994,14.729762815812574,40.91699405083048,34.17560148522989,83.35276862550045,423.058312361372,20.962749759936376,-47.32,-70.36,1
71.18576605419756,-149.5346000500669,565.4174313340858,318.6384506400012,17.391284540558303,24.38540861023043,31.061191608709493,12.24258969555516,423.90294121701106,21.513898764874416,-92.44,-97.47,0
-28.341669522935412,113.11362328661721,1731.9710437532015,24.93535347057947,10.175153346856803,29.4555961033194,80.47708298791214,7.163073797201869,448.11708516912927,20.22742060929777,-95.38,-95.14,0
-0.5737186331235193,130.09168598861595,713.4900591800778,340.1388685413534,10.307112001364432,24.287410413174996,15.691877324531223,67.09477468913603,446.39324836540106,20.774015095000564,-110.39,-109.13,0
8.686943604542918,145.35116446146185,1540.2503339481893,80.02695139171603,29.549813988796153,82.07946105413349,16.001459098558158,63.19839227851022,417.4618390149782,20.849810480352627,-109.6,-100.16,1
-65.55938728622544,-177.42112186260366,1258.2519164068765,402.64376525679216,9.630451537057004,33.671189926518466,37.10962308646509,70.984268922703,413.19147170761636,20.918426732329095,-40.09,-53.51,1
-24.566937808279263,17.537344838526195,2476.225868428072,171.83842639575695,26.834644140764386,63.9788849794665,66.82579587474531,35.82383869398078,447.04456360408034,21.718926974188896,-33.7,-78.39,1
-42.232370186126126,46.70649173379283,193.6843783403358,482.0603288879974,6.157028891737685,43.69398172611895,96.72370975902295,42.486644170724205,409.5259981950713,21.33492471502744,-68.58,-75.01,1
48.03288331554225,125.81445488102452,1683.2978904997774,429.37074088472383,23.80302364722566,54.42271138506783,41.539111619384926,79.24447329142467,402.50713571577154,20.51296790982252,-50.46,-79.93,1
-28.666775577766337,-106.94145240299287,77.5155583610706,10.796698313477327,59.75377185581639,73.20498114882753,92.32451352342605,62.57771586475792,437.44550437812785,21.61954132262468,-74.39,-55.26,1
-77.35887269599117,-140.49185562694805,1127.994704851066,327.23881097127185,23.366024897077136,67.20377090783224,89.15372794469297,6.423012493100744,403.7383803371969,21.40307209033122,-69.33,-69.09,1
38.82121287703603,-142.1010302078527,1652.2463939390188,193.8662780905112,1.527707490990684,31.340566107923905,91.69683537167413,20.91334946474621,442.74386078111223,20.47349187491224,-104.46,-101.78,0
8.47202746493933,-82.31784493420199,2049.847746984791,316.509641315034,13.265073059983964,54.65623666607534,13.817419689528599,92.04271526535416,433.84091434830714,21.141552836233796,-63.52,-77.11,1
24.755019706488213,15.95605399276647,2235.375720263714,353.1618984152809,12.253459842744544,47.23774396722478,0.5730565094597906,31.35418503083033,446.11134416877667,21.909583600693562,-38.63,-48.81,1
86.47608902479922,-162.90188741039498,642.0145898685555,87.9844666497236,3.242548909691454,32.005820154032754,28.152501774298244,77.41495550655098,424.5826701870095,21.358590482670586,-98.87,-99.48,0
-49.22755646985561,-66.56858910985187,2873.8070502345854,495.3396788009801,32.24294719045298,44.299298524844154,13.679834556738147,3.886980478584068,418.20254888190027,21.658066048801526,-61.38,-73.59,1
81.87139476702774,-69.43033270322246,197.41340710106658,63.24132729361874,34.5854875257199,24.868108036834318,15.785499718577556,42.851632266543085,426.2178479721977,20.55171338365058,-103.76,-103.58,0
71.03875485401002,-96.52668929974527,1037.5360830132067,154.4898970231939,16.469306905171287,64.57851306879269,25.487993374601825,95.95609855993462,422.49981788215877,21.533489984244117,-31.52,-40.09,1
36.84628189782288,28.326989210768375,303.49973946151977,227.72727078256375,6.037250997548133,28.93687072552485,24.797297022196673,91.72131770099082,446.8346287619577,21.24391798446447,-118.02,-106.46,0
-51.67706188228945,-55.03099586845282,1983.259131905844,207.16728796793453,10.940678390646045,33.285620702814924,2.8223519952759846,34.071362124066276,394.38996466451243,21.82807863573709,-117.07,-106.91,0
62.10500962710921,-73.95612579676653,1412.5207621042528,486.1453382633767,24.29233082336491,40.63761251607987,58.72284016506247,65.59828431554335,410.4535044109534,20.696108758797585,-73.8,-47.9,1
-84.9471319140512,88.34818288498252,2907.3653430184713,40.91417280430464,32.44914441838577,28.61701986285064,63.21015560675457,28.76912783535125,442.01421314374295,20.86096652114799,-93.96,-100.76,0
-52.68976261165562,-74.96834561079523,2927.4496196057858,94.01196092248202,31.05827592173612,122.05637160561908,8.180117522052289,61.40090829497291,425.85367758831245,21.139477197176017,-118.77,-102.93,1
37.32342553316454,-6.314700577426322,1468.4560896213407,409.5321272919027,-4.9283021299670615,25.21225848563293,19.819530258992202,88.4252375874776,412.17279534204664,20.924091021808376,-101.58,-104.88,0
-67.18198752363449,7.224352053882853,1987.6841863042157,10.983725495676707,7.587643957292456,23.56753735916842,2.0364157062974564,37.33772639321432,392.86290488744237,20.788878638387434,-92.29,-96.83,0
-36.06827215980565,32.49404040747936,2019.8426718419087,106.38071249102565,19.020262694713693,116.08965746891192,83.32103128415508,95.35004107715358,436.7465056214281,20.84250592624787,-46.28,-60.55,1
25.141196667905234,43.72098454107268,2498.9130159371766,320.71240776577736,10.574604768163063,44.25462037940928,94.26333990354387,77.68901052473782,413.63013212714475,21.234294341290564,-33.4,-61.92,1
16.001356151928775,170.42193034906018,303.8313434443788,146.90271549050374,1.0495936489522286,29.76422547758387,87.15208084398267,42.39015421719047,379.8998790248782,21.188460423702907,-110.42,-105.45,0
-37.77947598877725,-116.8638700908329,359.2870869834044,453.539631935304,15.565165251222817,52.49655768289037,69.97763996471002,59.19901542742083,455.29929942413713,21.002996495730102,-90.85,-103.0,1
72.6745608014831,138.30976020424157,2574.9233191787903,206.36283538033427,27.0749725075285,35.261578828436946,95.3684628968957,98.52644021958608,426.46873764542534,21.18314544420347,-111.66,-105.97,0
32.24059419235655,-92.23099057133334,541.3697589279494,232.19665517356046,22.698693844803657,55.27180103030952,19.962890230046916,56.40386238846422,432.5990653643783,21.00159527680542,-33.45,-59.85,1
39.66240131649579,-176.20588542562834,1549.0781817012655,349.8267960401677,35.493781572475804,37.43667640708438,28.135793573016887,23.275331947141765,392.07819794463234,21.127762333304325,-109.76,-103.96,1
73.04777821141505,59.72183664606132,1843.5026877650882,436.6621511172529,5.889954331765341,42.668881439262535,42.58489576782455,40.49535933117756,434.90047132163,21.00959250061702,-47.1,-40.53,1
-14.561021936591473,-100.35681273291219,1925.99258924922,218.25781166855694,24.357036736394882,66.40632914048213,53.81221893645323,26.997072932565523,430.5241521492467,21.407511702405863,-36.11,-50.24,1
54.05236480967753,90.28152253699318,2401.924770467118,172.22475835950817,27.395963126412838,28.498274607064253,0.5270528734463986,51.020311745454535,401.8555383056501,19.847673013521064,-109.5,-97.45,0
60.38243921339895,110.58979913761976,1920.015476233147,431.69167603126994,30.55818557924478,44.339843044329136,80.64928411986794,42.23377216412886,405.9543522039132,20.289139475981408,-40.15,-69.04,1
-66.87805313881567,20.88942120470898,1732.925020031327,442.4907565295209,19.196151658680783,27.580631175123845,38.768342122354085,26.077259472308167,452.23413727539565,21.597303755932188,-95.08,-103.87,0
7.14390122593629,155.33499365084185,974.1266476388945,344.9132670640712,11.362799754585403,40.71083108161574,12.792210516735224,43.67454017022941,438.11347501635765,20.937808033616243,-95.09,-98.57,0
-62.34505101511513,21.933855127024202,2063.609307173477,141.7543526457042,13.712531034959227,29.41091733750629,64.27822559652992,38.01727839778239,427.2738050068589,21.068553624852118,-92.66,-97.12,0
-33.34816109002904,-20.68235514193725,1351.1123328752792,446.5355782346118,25.922123181119876,34.692897251264036,13.88423279716421,86.72224104323935,424.5434768567368,21.0335559716617,-46.49,-78.58,1
-50.21544781196982,-81.92986893673836,840.3423898666226,359.54159673010497,18.670137758406682,42.00162941947172,5.706780802470524,78.09837941416012,404.72283229945964,20.46359216008142,-48.95,-59.96,1
14.327197001105063,16.318371018293078,1709.5399074348018,318.4553411926177,13.618400116842714,46.11224246598361,91.47710493114326,38.75923390960199,425.77991872893665,20.735337332244885,-50.89,-78.9,1
29.491532644906698,4.487306127415195,2195.365075523716,440.70452358601887,7.954560494563465,43.025563908212206,62.54393598250005,97.8674615720415,424.48533481923397,20.694728714256566,-39.71,-62.15,1
48.72078320064804,147.5257564193921,2097.6572373735257,286.5964412438355,18.961222733859117,64.31750323937305,94.70012728380833,83.42502118693342,469.00308908586277,21.031678369340423,-58.58,-68.74,1
-29.733455859168174,132.76874401505643,2940.7116315085896,167.83583685991601,20.216957083799127,20.69470469164282,59.59448800964123,79.37688039159417,417.3004616176095,21.08941863875079,-108.42,-98.46,0
81.41333143277475,1.7755606847858303,1603.2566759836268,94.55580383246274,4.454205123293654,28.880968504931356,26.2880368806511,88.15988446387685,398.52765990058833,20.830901315343635,-104.81,-108.99,0
-66.68155152444892,-171.89247674232234,2419.5726410061934,420.95888925361976,3.386583560616039,38.28108590038324,97.89136934088101,54.43858211402702,426.57243555983734,21.38889783795304,-101.42,-109.77,0
-51.75092434037582,94.60569427272333,782.4371882660687,63.2980503303605,-12.499992419110917,33.70071521421157,39.88290860920932,10.89986265298336,402.1451309063629,21.89259894052706,-108.47,-100.5,0
-58.253169997952966,-60.734201018179505,862.1296702730651,137.001917576707,51.225994300041776,28.04496545833871,92.02898624066364,23.121101422526024,445.24540088046575,21.01490231821548,-102.54,-107.92,0
-7.882626434230247,167.25124202746036,1988.0797242167382,277.7439153527869,10.924662865780519,59.74824594628491,90.66912075421999,6.821648060997443,396.2368538521599,20.714525379050013,-114.42,-99.54,1
-66.71727554870604,-155.0198416987112,855.316500038836,51.91177726857137,68.01658704030781,111.07250650804707,12.679199637046123,89.48762181426117,426.73236600715813,21.012372999449678,-52.63,-71.11,1
59.00661948691112,-94.98817231450629,2072.985061166244,67.05981328534774,54.865179985995155,83.48913484305737,31.069391614410257,3.3532014116102404,452.0498055349652,21.761864304957548,-34.46,-44.02,1
-46.41732010045653,156.3569244450989,2084.9870447777967,306.58107645237396,29.937111595571576,50.65497455692095,85.00571642171491,26.171647547146414,432.64033308943266,22.13781549389629,-44.4,-73.92,1
46.44931252823852,141.23982498262205,2267.8836044753143,347.3194065301811,22.21937905603383,28.411576127010868,31.736159524003625,58.27958205139372,420.20447131063145,22.023904533574623,-91.69,-103.97,0
41.10111049438842,-154.07557326397628,1395.0749662463945,345.0016149235612,16.426029664435696,33.35300771897632,74.41275920834155,63.61577995231489,432.10957911266,21.71601079433631,-90.26,-98.58,0
41.76004515893683,-98.07917136446123,26.188364806104758,106.69188066289522,2.1559566315404233,37.333278027463116,18.079082823650662,5.789962719995023,390.15501121751754,21.74183286682329,-117.34,-99.82,0
-50.179196270005285,169.4019544817681,922.7781010186317,57.823891779557485,6.655366576396508,26.06636430301504,80.50948829734811,80.81519806388143,402.80483669039546,21.3030879857951,-118.82,-106.36,0
75.47528970950708,122.09753913008069,2459.8444672370456,418.6520181291426,38.08894149201835,47.364783259552325,4.596976303168255,64.36038636834682,412.92626928460163,21.985039673965147,-65.73,-59.98,1
-70.31280713678021,67.63073363603775,2456.848259082631,166.9365149755359,30.787627957838662,59.79290733638487,24.452990878644133,95.68009396494583,367.56141142123334,20.417751290247406,-30.85,-43.45,1
31.848906301258168,-140.61580449754814,1254.6932947705225,117.20345876099485,37.05759788343957,25.231150562844103,94.26198081472215,59.84321473972357,426.9131986823109,20.784417344421296,-98.04,-104.76,0
85.8668568899487,-35.685175404283115,2060.656611889265,140.89071415305358,26.002843267314333,64.91315751483106,51.21637002878653,42.012140798541395,469.15304426334365,20.479054839013745,-49.85,-53.32,1
16.055567182076814,120.63475502457095,2422.9632241208087,308.129872829212,21.41187615428953,17.015693126095705,20.01611387708798,45.18900033597654,415.24909546834743,21.359149459377733,-95.38,-107.12,0
48.93602072830325,85.9713843887169,2564.3875733367167,91.36166349229131,24.374849880288895,26.897590704771744,12.576310359430487,48.71821399082966,428.978021731709,21.161522987959682,-92.32,-102.87,0
19.98178664123469,-55.636967368361624,348.71191776374275,178.6365906962951,43.571313968766034,61.42308389527159,58.10136611890236,42.878321476435666,435.67590232674513,20.95394501862948,-58.94,-45.25,1
36.65167877496205,38.71386973042283,529.9861041651791,286.5225338341308,16.953523662571023,54.47357465970349,76.38396400551188,35.908426856353714,437.5478528392785,21.26161482673015,-31.92,-69.7,1
56.90442664562056,-141.42297160619398,2791.1867006254847,261.72840994443453,26.30613816609347,58.65288943794904,24.155178298292157,35.42938878156983,417.11730840534426,21.648276896439164,-32.67,-55.99,1
-14.742848102439538,64.2400056063008,1270.424950853573,244.78905221342757,25.60245373431469,54.52374254041109,50.79016012082441,90.01410144327096,430.2589885399216,21.905227830397298,-101.65,-106.2,1
-45.936248182338396,94.37434764016172,2275.697208730298,349.4698687757475,27.124474224429466,25.322568397094038,95.7593421753056,72.40762805905902,389.89298773497984,21.104590594141676,-99.92,-108.79,0
85.20209281133339,-9.607541267511465,28.24207538055157,338.4506036803663,18.613463050817952,48.69284086973012,77.05157322735626,64.54962935459908,404.4841423501148,20.321705414547992,-51.67,-59.33,1
-62.649449760594905,129.71631211626237,1631.7750947142868,355.0394785543255,31.244368996006735,29.90872054944446,90.96382812372885,31.86738190350932,415.53770275667347,21.163118844519737,-119.94,-99.95,0
-20.519747605677082,81.41604973985812,2672.9060059545272,157.88643571230185,4.37548324991187,37.90867792027958,35.35754126260524,74.1298749011219,397.83040559615836,20.761752070161528,-117.39,-96.35,0
-12.742963542084667,154.98175114816308,790.0329615983487,202.14427013296205,18.534978380514044,38.65618392121222,86.9043273660799,0.872533704616596,411.6236604131605,21.52481258909899,-94.52,-106.49,0
-81.6907972526447,153.82512273174513,162.80407857681666,324.37938156032004,17.28516357149124,36.43594592991107,53.24927298955504,19.009022716044566,409.045620662475,20.259261193635172,-101.23,-100.51,0
22.253506587902308,-18.54024952922856,2727.179572686173,231.30766978018474,23.53118848723232,64.45873393047698,1.817465998793899,61.9166365951856,411.12150951256694,19.928882256773445,-71.47,-73.7,1
22.748821415290735,-120.93105018383991,1193.4878710741714,237.7238474027693,25.023271854763504,68.13391582880793,50.87880429618317,15.681342802566622,404.39924324930087,20.792508951501585,-48.15,-71.98,1
11.590695216248719,-61.80627584117157,1400.9921546259304,113.33023473776994,11.997303569190466,28.10851088984133,97.73268763078138,15.572679520420618,376.13248536792605,20.34053892425162,-100.35,-107.25,0
28.612197091549717,169.4467822889256,1843.179436787679,206.66299185916347,26.5196715643113,34.87515332234551,13.330380867667902,32.38393116639694,434.52709173123577,21.341155208980126,-110.64,-97.75,0
-14.821005069120531,155.4212926634063,1935.9241612240814,467.62257273087715,12.629984733279343,52.4742940622212,63.38831363947352,62.81810691631375,415.05660512129054,21.193331038867015,-30.63,-65.95,1
-5.265256627405549,-75.6057162690429,468.01445527053266,15.098878623179255,6.902263558134692,29.476574392908937,81.80506870901962,2.690809338373523,401.98085478315886,20.22652544136663,-99.28,-95.2,0
11.785277970756056,60.82405043039461,496.2641261866241,395.843467070382,5.59917164452701,36.561248314444725,15.283248543051675,10.650480456637823,407.6292827674768,20.8290564863272,-97.76,-100.95,0
-5.394738107668317,-3.392827167083908,829.7351326956143,246.12169793996677,7.163269178289166,30.71453953589226,34.20092760630741,9.8029384480251,392.5820339374433,20.717930352128356,-91.46,-95.43,0
29.575434070617817,23.526181895615764,2710.103213833278,146.1212131879859,17.2073678915301,27.54018935202828,81.31826924007093,4.568714478686198,425.92459605333295,20.946102968609495,-112.19,-101.69,0
-89.2691700465087,63.98058404057423,2037.7899658888348,46.55461538652025,51.49243955351466,72.40870495039776,2.500308320421918,81.30825225256942,419.5740528689353,20.569859447703458,-111.31,-108.01,1
-12.67748006865591,165.485600762908,4.6773665020583,94.92524424218253,6.387707262771848,33.29379316539922,64.8446314994083,46.912776143358016,423.6449381288292,21.985994684340028,-95.36,-105.59,0
-89.88668508382997,20.580454480851955,1948.018978218857,96.92720110083573,43.34671283988787,94.8575574311534,48.89840584371652,91.69518821309488,397.28030080966215,21.322380483680234,-111.64,-104.79,1
-37.2497845840592,136.19084702218413,1955.4460976238358,118.91371822881568,40.33900135466274,67.80145220910589,50.937402943818114,15.76493387131952,392.4216102279335,21.65115883160864,-114.45,-100.4,1
-43.82173610768608,24.72579888207028,2370.0744308571207,201.54596901382303,13.449149046670893,27.79280962920408,99.27066196114951,79.91142880061956,418.8256444027525,21.072000398018442,-100.55,-104.44,0
72.38408700023027,109.94239213836755,2535.2062072510535,235.35558712866063,32.592891334807014,53.7205188838647,46.150647314462034,75.4650420619201,398.14650466009033,21.906311316317165,-43.75,-54.58,1
28.19591344436779,81.47282154298233,30.93491484324784,257.8170406344465,-4.725981875838809,33.37746930596254,64.59884110740245,55.862291072484716,433.4332546424081,20.88292795428872,-100.65,-108.4,0
-59.64786799570726,112.94838314932872,2021.1915593577648,113.30153287676693,6.3367643560039575,32.45290233210671,27.027195375325263,29.784194482569106,409.5939628035084,21.74143691844795,-91.86,-95.6,0
-1.8445135593020154,30.796240556987243,1036.1524186959507,487.0702152255173,38.8664011992991,38.78637093155936,84.1793373899078,80.39112194134698,417.97393716286024,21.339820013009252,-33.34,-56.03,1
-5.697962122387068,103.36575037002001,2930.000680214799,306.01733533844043,17.454014292190646,32.89751304554646,98.99449951110006,67.27597083741273,366.9100755469325,21.073801774727556,-115.97,-104.07,0
23.476562858107314,3.40182588481008,1243.9480561718156,212.1330004061169,18.845371654535686,29.160850714717885,36.22454105175266,55.04382042434012,394.03409733619065,20.887571046987038,-105.29,-95.33,0
88.94837000820996,-140.41908175323033,2829.579194874383,296.6388194773195,21.88682405373998,50.388996798214606,72.17988562103238,26.42927929438339,405.57846828266605,21.558757251805297,-101.52,-98.46,1
-33.589544567625836,156.33323929249144,2268.1768932910486,489.30974909025065,28.448062649371973,46.66323906344661,23.880709279710587,25.640961450593313,469.46915384230226,21.779755620127197,-106.78,-96.0,1
71.2618219898522,-171.55075010744144,2851.146295037947,450.9997756179663,6.283636315569876,37.06517819723972,77.23082829801358,35.057208420418085,453.4789568260554,20.33860647045605,-99.48,-103.94,1
-12.232877006904744,-163.66170882672634,439.70995112919655,31.983407552345476,39.792609776071785,117.58669283169453,0.6363676428005394,38.421359291573594,409.48134759706335,20.757060948501802,-119.42,-99.76,1
-76.234221701753,-33.76603592341655,1068.507629262907,148.77756700498568,21.402512448811407,31.043726779742496,75.36042449141618,63.184530775415496,399.7153527471698,20.35061466292947,-94.4,-107.16,0
-86.04379393972054,79.10026536171972,244.20232137825303,273.2504626011053,31.29548245118893,46.34030663122982,19.985216823262732,45.61113164050875,454.40580098788746,20.425950808807364,-102.38,-108.69,1
-58.42848223812098,-62.71418978658727,1234.0638832160041,467.27519220221507,7.074627548945944,29.967094983459674,75.78199051120636,50.58434957759476,431.2013389915446,20.979101299226876,-90.01,-109.15,0
-23.489950980619582,-107.7495202859176,2715.9490643689865,99.9770295438944,13.78302562426649,30.660559706252446,94.4543657938911,72.76548215302302,381.44282829915016,20.767474292758695,-92.54,-106.33,0
-13.963768249288378,171.614932210009,310.58923150871175,216.79893909644753,19.706735228920852,37.419709916201846,71.11961983988428,16.10121776594259,422.508915417481,20.53539019666143,-93.07,-100.56,0
-41.73191715503287,-112.04819337349721,233.54156065694752,309.88548311389894,24.36530153497996,40.22723433050017,2.3516462831228213,73.41858511344354,402.3795142843886,20.701404420400095,-107.55,-102.66,1
41.541056943830824,102.72828441671271,1631.585931643334,21.251085613290034,13.353238198811084,26.78890475399261,56.119089942446756,11.816356329412637,427.5274113567692,21.187409905958756,-105.38,-105.11,0
27.611229436237252,3.4363455528109057,1933.1360897000434,416.9689990034992,13.951603738055859,24.89394854427063,28.939370030953505,16.661141097796218,450.8435755943659,21.551321298826124,-93.53,-99.18,0
-52.752780202584646,-4.091124955073354,1350.8124980237997,221.28015821802333,19.640898080339817,55.19401042740441,57.439372735924934,94.6867089849302,443.02536392827346,21.436931733049498,-73.72,-56.29,1
-63.14756827258299,-20.741358895568965,2597.673488127275,79.8311137870136,11.789407950085257,33.835418890832365,83.43203460426236,21.32950111370929,432.5422204966791,21.25052765727461,-118.69,-108.19,0
-24.27704039632853,28.90104989488728,966.0059688152176,35.82169824144374,22.593436110911565,24.119740005468223,89.64210808539931,68.67404195795699,342.48152209319215,21.004905341105037,-99.61,-102.48,0
-15.786706088390801,-179.1022006644436,2726.3598752744615,118.74505340200027,27.885494075750934,23.962757717709422,77.87807611727433,56.04137780920419,399.1271432439424,21.366060133764453,-116.71,-100.74,0
86.35537752877431,87.99518697624501,1432.448591875382,198.43659317713488,23.42529392794122,52.693068029132476,94.68901336209325,41.77450928697907,445.52505419950563,20.962338098812147,-48.27,-57.88,1
-18.97084949611694,-74.67580350223668,1684.4015207841542,87.49750243446545,37.35797005852397,102.20736631516371,40.15517859255101,97.4971861852302,478.26890846546536,20.621104787268084,-57.04,-68.51,1
-40.00045887911564,-71.04019616649953,1625.2070394324032,280.60195507039003,22.761119875181983,32.457712887062456,58.84780389341665,46.550961766988564,418.4539636340378,21.226934218840643,-102.65,-98.66,0
-7.838283586397438,-106.92786438593373,394.43679409503693,252.32485775121435,20.646720092045804,61.25592623849364,9.208159978689267,0.19370851618593088,456.06397785891386,21.017489369093905,-74.65,-66.23,1
-20.921521395144623,108.32544671149947,1474.2124063168314,14.576358391741172,17.80817625877404,28.230104350603696,68.47101095282397,3.0553575518426968,404.012245519946,21.527317866468934,-111.7,-100.27,0
-8.071644995260257,67.66270737115221,490.7669923813303,256.5352915521206,13.761884616123556,45.38768142946519,49.21242569269134,67.59499913157218,455.247970169889,21.198624166223194,-48.04,-58.6,1
-79.68024119002129,140.24261338233907,1434.2128398829948,330.82658848350445,26.767569712064187,27.117759866652975,47.63307622577286,26.337367002413192,416.7347729402588,20.92233225963674,-113.63,-98.89,0
51.330362631150024,-164.45748189220782,2069.065713505095,440.8759690058766,18.14570450786792,41.527138049397486,42.08588541664654,16.050191040690997,405.19028109651026,20.48954691998678,-95.27,-100.09,1
-28.124477995424797,106.17643112879477,882.2536113371893,85.13433499648072,34.756677673975624,102.90059736544114,72.35000231834513,21.63170075304477,437.0715009337457,20.46698373395627,-106.89,-108.42,1
80.20995266213308,-128.54383530819007,1738.1834044199315,141.75243461524136,14.891253721328265,26.200782790329427,6.346934118877156,47.56966467572049,410.11880351041214,20.84327004495178,-100.44,-96.14,0
68.95645717071636,64.29478647822572,368.06535351519864,425.9575449799914,5.3172231646749495,35.35025962655814,49.92725527077637,9.39727450465262,380.0890319094486,21.274533787749608,-95.92,-102.57,0
29.17595929998889,65.96415122571784,2837.681218002072,306.2488696185226,28.039778337063908,59.684275109227876,24.449932188777844,69.74028010030496,422.90134145757264,20.71568763538148,-56.38,-43.35,1
-79.56431166808761,-161.76023453382086,959.7781679411145,221.82762366018662,13.663625437387676,37.67424598848531,8.099721674321225,88.55682559944886,429.13804059650585,21.182799554673732,-98.33,-107.97,0
-84.62931124327038,8.957123551216654,675.0885614203378,42.57178053908916,6.598793288828027,32.73427452637297,36.575012878478134,38.26250134547142,434.1788007308784,21.099552161688706,-102.52,-105.62,0
79.81611026285637,87.13147134736113,2365.724810266299,87.72174084344283,28.849753999393624,77.65132039295223,87.24151554477007,95.15633802393195,416.2660547899734,20.034076048479765,-36.65,-62.36,1
16.55084453598208,124.54626160693476,1.6660971604707253,246.14130340637257,10.474639180548895,51.598393386417484,16.093688632200877,32.62203514064536,413.5552458333022,20.80516759485362,-35.23,-52.21,1
-25.08093885162947,55.839528776586576,144.2148557979266,448.7393732371769,1.2828419905258865,33.31944638235739,2.469856536129189,87.23100780941135,383.2009871138965,19.90948890847261,-118.6,-102.55,0
78.31339017369143,82.19063626226045,847.201095249249,143.7094886904841,28.863298907378628,61.6698830524584,4.086986960179928,98.98712678624199,445.87945317158267,20.332874702654685,-51.1,-40.24,1
-32.24022340402238,103.19814063939623,1865.8830685640623,210.9410688167163,22.3511686183177,61.57661440681701,31.24810024158703,44.358104924874056,401.38697537123943,19.870343757202946,-33.62,-74.37,1
51.35501800742048,-141.45928463586168,891.9736576136457,47.03732271006102,54.02025463840002,105.70798187054422,94.15896188996926,84.16172080445172,420.0431783887733,20.841876402224745,-104.34,-101.53,1
83.90465230550646,43.09292072439345,2334.264064732358,77.75788706343087,2.8089953855023744,29.945608653346287,27.558266099554384,42.73808549533531,408.251367061943,20.976380083071064,-115.47,-104.55,0
51.44976945090994,-8.09634315642333,2663.2518732042104,384.297550329338,14.401911148411283,50.466699415664955,53.92549902873396,4.109965029445862,416.94242142963986,21.247378237872486,-98.56,-100.13,1
83.914044769273,-135.37923862759789,1424.803048538326,239.01308994407503,13.888927656481739,54.48038497058562,26.935501184404853,0.899516800180955,434.2936069655592,20.80072103847464,-38.88,-77.47,1
-18.143995172425363,-179.49587341456544,2132.6344393208556,210.3727911277964,25.45161993396972,51.65103905421772,6.605253800151889,82.71639526431295,388.04053516427285,20.619499483049054,-104.12,-95.89,1
51.67868271221809,-165.7710547377128,2675.0834269069705,32.6834971753869,15.487456957917663,41.012402255153106,45.70800009677816,53.305771707100135,414.5461966599876,20.83397775337939,-110.65,-109.43,0
49.575062130182545,-34.98117973076131,365.1969529004314,241.8099965299191,32.339101387215194,52.39379764900741,62.47012661630682,32.20412926700899,434.65602312987585,20.743822794830173,-116.31,-104.42,1
-71.96846002167322,131.0868586921021,2731.59622540396,87.6276288226014,40.40435584381979,77.99213042541858,23.67281172512642,82.36533116826081,453.2311308453823,21.183313893705787,-31.5,-61.98,1
12.336104145988713,-173.17003282514318,1887.7706407321666,174.82465660244665,15.725443752397027,30.278337942691373,23.13469935710961,94.82588566776629,408.7333872573122,21.05844461746639,-96.8,-95.32,0
70.05305274762196,22.8554003180339,229.62016888367054,177.60990166128866,44.77428469915704,66.00498171824555,38.61285670628231,10.739194252259432,440.3183711850447,19.33560609427784,-109.39,-103.24,1
-59.62646397099506,-1.5204602600169892,766.4388444174648,289.9250975984502,29.033670323593242,24.851663879829804,26.09792688304341,34.61662139971112,390.4980121603529,20.82221310092114,-112.74,-105.36,0
1.1038540796569691,134.88712978497125,2672.54609015255,252.48889031615144,34.80771909075156,49.39717106167342,19.927959258384565,74.00613094411766,400.9286428651334,20.68767484123077,-73.14,-69.24,1
62.81065566159424,113.42085895894974,324.2134720417591,164.21162606009642,17.919770982485094,49.0690778653985,0.9478780338196824,26.983604769386993,420.7300375686649,21.231218014372327,-62.91,-55.84,1
-29.31964408557868,-25.429542382961984,649.4420024072773,14.997728768648624,12.72824350840767,35.16136397931236,92.73795767470172,77.90392911540695,422.98263700085744,20.883777176732174,-101.43,-109.84,0
19.5673732828416,125.85882991235212,917.052820614345,471.2029111553094,19.948130335672563,31.86624708318926,56.48509766155281,31.566190677853314,419.9614108750089,20.785443399640034,-113.75,-107.53,0
-13.966240632925818,-140.1628524198824,1943.4377851671509,476.4997749428248,39.495834961084036,52.441997566710924,66.41129068444421,91.08870745267346,400.17606044114376,21.09521013061728,-36.69,-63.39,1
79.70837020882331,-151.65000640813798,1467.8501214824637,162.26742966270606,29.391641912855874,55.2611861988462,14.864369845800763,66.92729834280038,457.1978894741475,20.793607567740523,-33.88,-71.77,1
53.32641023505485,-168.32081483442647,547.7773845640594,361.6259049577772,18.886750172234184,53.53525636675443,24.128361370612428,41.802344986976756,433.3743812009389,20.190616726874598,-59.73,-54.53,1
-61.753137700120845,102.76962041734134,739.550603014339,445.3188306872858,13.19931736675573,35.00647680617012,99.0374564496586,4.2571937921758725,402.78824168310535,20.698877047342265,-91.09,-100.98,0
63.618977212643784,78.02997056981582,1672.0543708402531,303.1076816290482,19.168087924389713,50.56646512254328,21.421137236271935,74.45848792394831,446.99843003161925,20.12332966037874,-111.33,-95.88,1
-2.320300006157254,-163.61308364352715,2116.82510056535,424.7779173042506,15.991827524835335,27.034908130524776,87.3855904375947,69.3883332130569,422.6185097302327,20.188789725414903,-103.61,-101.49,0
60.44311334370764,-148.53230207390067,1765.9564404719652,12.50729879005417,4.74985744595697,21.901964575435066,58.731186175853814,92.89305777637267,447.0542454929098,21.121814400094696,-112.56,-105.7,0
-17.734927640480706,-144.7635753379463,2838.571849339113,121.87227480191275,29.4225953361595,93.73228408485654,57.28504780138817,61.05270221435397,426.72739466152217,21.38346832054152,-60.81,-73.65,1
