latitude,longitude,altitudeOfTerrain,altitudeOfReadingAboveTerrain,thermalReadingCelsius,audioReadingDecibels,particulate-smoke,particulate-watervapor,co2,o2,target_present
-25.948722206786854,136.70281610726056,2757.2038689990113,173.48296579196307,14.09422088676289,36.80224723825604,51.58394835600385,37.64124447838053,418.52884174443045,20.293975318880218,0
-52.94032804443627,-8.740300335242125,890.3865153177258,140.78524662143127,30.933577632301166,33.787269446297714,23.30968956048669,46.01741123896517,436.82416317192076,21.22121490705986,0
-69.64450572747842,168.15013640005975,1891.8578412294935,473.8498697474287,21.892466746458798,39.59092293992184,18.590880882211692,61.133299115393015,411.5448367072569,20.97908518285429,1
-38.32255490348704,89.3950355367677,2333.433767243743,252.7594337755463,30.81632305605456,31.831314537948675,64.01971807371922,39.430076629392,432.07152696271595,19.95640660615469,0
73.67636442314551,60.56356193748056,1408.225302531299,325.0224668085054,4.580248117737792,29.8251644894344,2.3482956474979,42.634956958927184,427.4966399915585,20.741345861577543,0
-3.46506111882924,97.96286697210985,88.12690323109851,125.78858696211437,4.496896098228316,26.56674409839424,86.90212444540659,63.774025961562295,398.25238400122896,21.39289693155924,0
-53.62040935321804,22.385696486152483,2366.9790928478697,429.72120026404696,12.087223919301398,33.65393258309979,23.43461660573084,19.57882927132507,412.52863668764974,20.916632469549302,0
77.00061423830886,-177.10770654086457,1831.7679391258343,432.4551855245731,15.079613929152533,32.83011192342018,78.21971467318699,86.16544122314131,414.84086807852054,21.025010588822397,0
-16.835886755766452,-102.31986701139304,366.5592421342072,161.3483654036311,15.731915437014091,21.185788616365937,42.79416025500758,19.956427233311647,383.8737843753694,21.091971327879065,0
-42.66591466743035,162.8280439263715,2324.515975723344,16.965864986361126,16.435466299899414,31.396660960683807,54.93788107239938,86.27156945981108,439.6527490371697,20.282376049337426,0
-23.942428545282368,102.5097294283047,2094.3930142743993,199.39370279053009,14.426822941437107,29.710306499550022,89.94664603683805,11.810839977090538,378.2651300041218,20.873507703070366,0
-19.952287738289073,43.99796917984983,1285.9747480225958,398.2590699185867,18.92558539250465,30.864305288123,7.817910551281493,85.36225966942351,412.95358430690436,21.68810105248682,0
6.924404675676044,-160.60824932107937,2149.78969982131,174.89084196968298,15.449025281926001,30.65275026938689,39.03012924562256,89.35353260316684,420.23077305628703,20.85548670172814,0
69.59576407518222,-85.32366091926933,279.073230661927,183.440054414736,19.945579525735674,72.03537550908713,66.77186585222138,26.93745088877808,411.27464346088504,20.20265747910645,1
55.94667220083522,-15.689168753159919,921.8681368996852,96.14770160511272,27.27249785338337,32.9379891195765,57.67875377153771,52.50484426174972,374.4959889217911,21.554055792781114,0
-19.124879893227245,151.24951868111464,2599.8546026885533,355.3348628354665,14.554854051808466,23.013357323174596,83.24297195058314,82.66445637180712,439.2863985549889,21.97019875528576,0
41.505634440170695,-104.16064226086097,743.8580206883908,348.33461249953564,23.42766314632825,33.68534782007966,95.2918737932359,71.17188053517472,435.59976443663055,21.283859789322776,1
-58.31178066265116,176.77564011735535,2359.687748442893,442.85641178244447,2.7593355049834827,27.13054940794743,21.731375043104016,42.825700776312424,412.677009551292,20.813504529334434,0
12.21072303522763,-21.982395677834575,863.7484074442035,208.56331802403332,6.045878860542091,28.991825225455912,5.35486192281277,68.30009911918938,427.20760834410834,20.991691332094955,0
37.12529384097712,-69.90542326483063,1538.4060209076613,111.51474059129573,28.479830260473605,98.87289026148494,87.06683110030895,48.204382152472114,400.3771519733654,21.109090119229357,1
14.667351398360708,-162.5380984771447,2653.894641089289,310.6510409117242,15.533598812707407,32.385646785159196,58.75053061690877,22.08489507129283,413.1946786656144,21.79179632283432,0
27.04978582362496,104.91871996775944,289.3973296421819,89.07729170582607,8.118534867903676,25.389046933632343,32.20122271005115,63.59246775577113,420.34241795924225,20.550657871448614,0
4.8902603714759465,105.6038626707579,2765.8557680709964,488.8836684764214,39.646567804883205,23.18156600665089,79.78737267263668,69.26014196057555,434.3321217305942,20.71805714903421,0
-60.188700637795705,-75.33252083329796,1214.205179316353,339.20232565934725,21.69099854823529,41.7673562221824,32.16050592552718,98.07827250328715,436.0448724855192,21.086721104950303,1
36.4374361147152,79.73081467301489,2113.5168000508993,273.70157596030697,5.587118608122617,39.800199581769405,27.393096424779838,9.42242050889297,411.36671888495545,21.056051208780296,0
41.43786445840408,23.628091865748218,1546.8277685896758,37.32490188522923,11.90915520000084,24.28815193573984,93.31583925428862,32.14963251047919,389.6239071608808,21.006419848810207,0
4.103166389264231,-24.108676651058488,1286.1477964503135,200.9606942811677,2.586032706517809,28.71583073720828,14.856654794671108,23.374269858481977,411.7648141750126,21.593465101575465,0
83.6420206908104,137.73124223721493,2897.647701547302,167.23017560898566,10.06005123458683,31.51330731599746,32.116548926294485,24.621491141913488,382.79050802938724,21.457236387281913,0
-67.57153751722736,166.0872895801673,2073.8568361435796,428.3532529697702,26.158226571244896,45.13083208296372,29.097270983737022,37.55923887612917,415.5857453802426,20.652023239929377,1
-26.498249715357623,-135.37822894479507,2480.653774023505,230.1809224971488,8.215330645556426,25.66583385122268,69.39967144801254,95.79908823264304,370.1150642889849,20.104753187544166,0
62.56699761044845,-106.0025190669784,2987.8730314938566,148.80084936836326,12.834935520710797,23.13741984842038,57.16660023315341,25.59717852216862,415.03463186788065,20.685773892951705,0
-62.87404506908969,47.60748371561442,942.4513883304647,241.29450808712866,29.833163541026696,38.007914425907295,46.64713677029471,31.091367603741958,397.5981188039125,20.943497618264626,0
-22.680685143308352,-147.0894909924467,2517.0742103611306,277.89183283138436,23.721610769004247,49.011416906529945,99.57688128305622,49.32690296811728,437.3095341155547,19.850425327523734,1
-54.73668820827944,-70.84283761683056,1882.1616886233428,409.07203253180194,17.99171883930796,36.154629300502414,18.810995283179743,68.25822746614445,394.9145281405864,21.121319581074665,0
-81.43386687410874,67.91017195004014,1169.0720603060363,349.8026209665315,15.540057674969244,42.3435160706283,67.54602262190747,34.51288163701316,438.28756214886675,20.495171599766344,0
-63.31803073338831,-133.44415750795216,32.95197099510949,41.272624195651446,50.40357150817195,115.44831927532461,87.32377274367552,9.86695878592525,450.56857714523676,21.145839668628874,1
83.23779042867912,136.03873090435485,2002.2010145084053,59.750075432836326,12.620966630947041,21.10402271828996,52.74811551585148,82.50935104025461,416.6828087910589,20.173525323306276,0
-81.91198219458903,-96.55501756313265,1624.7850420913662,182.73358156728938,26.94502833036509,28.561079677283907,46.00127575971137,96.56084329674877,413.0424633362532,21.067420810632264,0
23.29294218677269,-177.06140774925305,860.1261342126851,80.58329491706546,45.37520807824614,101.30200933857057,49.26982962376406,48.52360628791307,409.2497470506475,20.652413125542232,1
-87.87384074807161,-101.85376613364144,1414.7964455667013,245.65108216245056,19.4817429111854,64.70424146035464,8.54264528416505,66.51591282188751,406.80315111715015,22.123116235601202,1
49.34965621019654,-102.04108683176537,725.8050822890849,352.69163424810745,3.8314769518016796,34.26067597792629,54.96900256233113,20.20858764969803,446.66082572031087,20.878570959242463,0
76.79926999301432,-52.61544086163185,2717.5803179032873,98.7824431571523,38.52723839395442,39.29806918920607,76.08383405282636,72.66440515223505,397.6135499681847,21.272346222978886,0
76.78942537114682,142.27110056568165,1876.4572181387393,111.16061023237708,35.32025832869927,27.196801067296345,72.56500595504238,83.3040922911056,429.4450385449361,20.821120474038334,0
-58.89736964601012,-56.72918911712158,1736.1602495078412,90.1085922205081,9.49234398067986,36.010837289074345,69.24933016715025,57.888512269983885,421.1565789410688,21.19659596530673,0
-1.4891658945642945,-78.10833236843277,1939.3635741706082,384.03286760407104,11.305125190912953,39.053996648411264,70.34438157191381,58.77269714917163,425.35044721003663,21.332907737332544,0
-66.2133056377873,56.910811599899574,1592.650440436111,171.6009941791818,11.461975469205322,25.336649844386287,53.81256709496775,72.52206412708072,409.547136776168,20.956607403854544,0
-15.999580353393355,123.67269191428147,1272.6081007235098,306.3028119821678,9.535396911768714,52.03356124815542,38.687985656992375,76.90838879062274,394.61747635287253,19.60587631199763,1
86.09215105381747,-53.31645166767035,511.0300950799691,372.2447230501097,5.615801405768334,26.178649966346697,69.74780949768873,3.7642025416484204,415.06499716795014,20.343476592851037,0
-34.30944674760787,-85.74969687683289,2896.801258888673,318.9464195456129,10.463286095426497,22.6932633072332,77.64538877293467,22.745036856421752,396.1480912120463,20.869200051983377,0
-41.8316886072239,19.238731877310045,1887.9592667139234,40.22860359413444,43.7413009874396,102.17842868295448,16.86237252124497,4.521409389145726,405.7512914423967,21.188097039561434,1
65.28790130308798,59.997181672832795,472.3688123805113,89.33734374440537,33.183705319628444,38.27761451362909,29.39997602749107,65.34155123870697,441.5296900405329,21.11236267621907,0
73.89981401346185,-165.59031742838303,939.6979579963669,290.2917792297037,29.79638099516932,32.16499340038774,90.00868711494783,71.60886348289561,441.8425435517064,20.355251495957816,0
79.32054623618347,-157.65187779075566,1693.4485549732235,470.56681025352106,15.815593712482562,24.733485362522178,99.63859119613019,1.309365873262136,447.67085878746354,20.034335487408136,0
55.622534160700866,23.201080649616188,2478.528624534236,247.58853964576832,17.880539742867917,23.852758478997913,63.686972200332825,7.288856227459551,406.80019527208606,20.352017521721923,0
72.19349345003099,-25.681848207474474,1534.9667671149016,279.8785733731505,18.235253216721304,25.375054298539304,47.141248667699465,14.056905840164347,441.32531390209897,21.8731455541391,0
-11.315538324101496,-79.5729055177172,544.5535741655365,203.8277773320398,15.121442994877016,32.053324785761454,21.69719362872573,16.686180815940098,419.33627724023705,20.465054682534504,0
-15.84695877057682,68.26403259393459,1765.8661301873465,343.44197424715657,11.058220498258363,31.938856395866804,66.33098224529115,95.30171606632588,385.1894436549122,20.883665218728897,0
-77.85207775592131,-105.5873455089327,163.97213301750602,29.69275552215977,23.58965109360277,34.45367224031631,47.40047417013794,0.2738361387138233,431.9314487205004,20.163552887937847,0
-39.97340055655808,150.94951956922347,1479.141527775127,213.71822633446305,6.1746735740251335,36.46792087120052,25.078733553198727,58.73504189437373,363.2339153863095,19.861266923192808,0
-25.041513646902416,-55.40417362017145,1344.624348736344,387.7689956320496,10.153182090855083,50.30344390373747,23.909094862451852,4.03547898189871,443.3317727355638,21.262260924460655,1
48.95941029133502,103.13528989542294,2638.5277874779263,267.77098068851643,24.535367362651876,46.83939459803787,78.69731651586554,2.552884471206851,401.3513560265325,20.64119268095797,1
50.78107201520595,141.35448686997125,90.82275535015816,172.14238354280752,32.546951113745266,70.65688039106783,43.635935352789765,10.896259940735186,441.0014213468772,20.320068532812925,1
6.765637692178032,41.89388696426096,534.2343907623776,64.85599467166074,18.1195429917819,32.86683356520849,24.507793519658406,46.15745078845672,429.1096040368832,21.038841803491884,0
19.87197377013935,-46.08552181208654,28.63515360260438,418.05818971595136,35.519356913846124,35.126864399601644,81.22976175107843,57.2927486247868,433.8184054524717,21.440982070191087,0
-23.136721873531798,-18.834426810913527,595.0664138051281,278.61762496890503,4.503560078682137,17.6353942854481,10.943305355115662,0.7436946185382487,426.1620053051989,20.41135978852087,0
-41.923004681539204,176.24895818638282,2805.5668198612047,18.896018493530782,50.58951718500264,75.81550958180824,91.25593530053817,93.43235196545109,473.0625072399163,21.05636626103693,1
57.09074808948631,87.92804218311579,937.859351489132,332.79701142983356,4.133017411734738,34.54585918658542,86.61476485542191,74.55632283793798,400.6140256888157,21.53228249394073,0
-32.70977107876118,116.59642189857391,2962.5824379267347,368.3543028018908,2.8941483850517447,18.923505651037747,83.1558551113743,16.26315173705686,413.8213213729861,20.235851965371374,0
-39.50222338086164,5.893495437952851,662.1710419490669,232.88724958658577,11.02600135889585,30.771667749055077,53.85378234879852,17.220586659986715,444.72606589527015,21.17535741501146,0
-83.88208232259997,34.346391694345016,1180.9376390989282,195.5096929053596,-1.1476276063539324,31.190649949618397,93.60166740269663,31.300028878957253,417.34179310505397,21.18319632384389,0
14.276495934935113,-128.9068674325597,1228.970272685977,426.52583742322696,16.131127093772513,31.007943542876006,40.96836629020433,10.171908589446266,431.23720994980096,21.38766838214519,0
39.15671086696665,128.47207168074164,2537.3297033757367,43.23361724874298,62.78500687927317,82.22959563928711,13.224659074814603,94.87785534215236,440.2991474640859,20.500240148778623,1
54.997040037022686,101.04385678254766,2945.6294157956495,191.09950186957062,10.440008724337169,77.99524443609879,59.88622631693048,94.2053583210055,444.69947194429244,21.406359905992183,1
50.361831883528225,-133.4810082747779,1610.9929814498516,422.58277086490136,24.341278769534057,42.79166619963121,33.70294325530645,42.75050371192126,389.6882109106962,21.435761277638203,1
-26.011518439512038,129.58917353944025,851.7615660649373,415.2719373973662,15.771487334352802,24.377631201994745,0.9334192077479764,0.807116659585494,414.68361475238817,22.227303896899883,0
-64.06656099817585,-136.57673649923018,1767.1518782141613,63.62759934914648,3.1420311945202,29.693020745142274,7.496732622359126,70.2573099123488,447.71811877988614,21.138432750759574,0
-1.8329752580266927,144.9616606136169,2665.963459281791,178.42274637007685,17.75469633235521,29.28075494548339,78.6944389783839,48.81069413192556,427.312736969603,21.039142960753615,0
-10.343704948826542,-135.8688729346004,1492.8485437149022,430.37058570910733,21.444304278630174,29.351287012542265,87.84651010198544,12.20527464660841,420.28969527408873,21.406485477522644,0
73.48080285312165,-7.0963992652966965,117.90377197945811,224.2538393580731,27.3274929433803,49.53506535465711,28.846538337580117,34.63973186826734,444.7986244441589,20.626071550476645,1
27.92009306942137,-93.15821960826743,2750.466572789807,420.10241657731456,21.838248585062594,30.44687428406975,48.487553116853476,59.37424164757347,431.42317774996445,21.063098229740714,0
-15.263003203301992,1.1445001641985186,713.3759241098182,199.22168062526603,11.648096606280017,41.205175811040164,68.44924397068213,26.46152540247447,409.12315158475474,21.058472081000946,0
87.34702415539903,22.39182111250227,431.10629912829944,309.5033485316913,10.818061935261346,33.97819223396682,5.153970413762932,76.12421983769079,423.49931492020886,21.496549063163354,0
-87.5122846138595,-103.89693065621552,1199.022167560181,68.69853252912587,32.36526808216901,28.881699541571365,99.28945519649297,16.969674248438537,424.6249864775594,21.29808357108898,0
5.608098703198408,-121.43528073092773,339.69015874323406,355.1026452302883,8.945347353792965,28.956238634084702,92.5716553455485,22.74182932426546,411.9052742253872,21.40440952775019,0
27.009486922489515,-45.07909493619897,2353.2249757893887,205.6680094326867,21.87488015935142,30.227946398935178,68.49668853870978,49.97451462400559,403.5893862182441,21.154045868399333,0
61.054505634759295,-7.861202929239539,1625.2568826008928,339.50703333714677,30.81839081644616,30.12112141839262,54.08147879404448,5.029046478253473,423.92822375642595,20.947071914345187,0
-45.12231308727153,-144.98634163097051,1486.3708671182285,100.86792920739937,7.405237480192425,30.44611679277674,61.51179141359216,40.967590201813366,414.4823192926359,21.081300757289608,0
22.2309647065738,150.25587941882856,1537.658048121692,207.24284001853542,16.46508713964887,27.244979365987636,62.58485209922853,1.8212082131524032,413.8475213612863,22.288411316938767,0
16.913114955969434,-52.69405457996004,2684.326687997581,172.00011307030434,41.288745101148535,67.7526298250157,31.32388637185006,55.53365901807504,436.408399287104,21.406807863191858,1
84.41734106542515,43.429538498346574,2194.3797617870946,410.43724850005066,33.5358075954092,48.13453922494952,74.90016445175073,57.7588001881083,448.89783725574176,21.541210121933506,0
-41.44452572902628,-153.51290567103848,2247.6215056167775,293.9844882526797,44.885098439908475,59.96159319395262,70.12746790040057,85.23414265844694,390.00235018610095,20.23551062413231,1
5.763769463917683,-46.753668222328,850.6706244197227,453.02552848034736,38.73443670564335,31.795599028198218,92.08217200119631,75.09444711692286,425.5107763383489,21.535201705791337,0
1.015346500766313,-177.49356367396575,2781.915287630488,20.23452964062548,13.717700320980216,23.089381527063903,20.360076998990518,77.04174769636111,419.37663546912705,20.76590814809107,0
-25.78255419421386,-130.69736610739307,303.4939162993989,24.650208258804327,52.90836089737372,95.61351520481945,45.36408098848437,96.706899429149,421.7098646685173,20.594111919581877,1
-63.417535721568676,-20.060134237152596,606.6792914054969,95.59244318292666,27.965130688989788,32.18578671839845,24.120356615946147,23.710131923107404,441.16150284055954,20.927785527774542,0
0.5619037538851614,161.42923649239225,1650.5992056157756,484.23615456277423,17.783376635852964,45.78956342209357,84.9248873588858,2.101309834474996,397.9397651147437,20.687267109228294,1
-62.29200765472767,-135.1015411126349,53.39328858720893,411.2392185483583,13.10925649236248,43.01118500228271,30.879868244046882,2.883313727119563,457.2599468841148,21.207027317991408,1
10.869764066374088,25.568629958243918,1063.2676853113096,493.0703521557338,8.435669039685793,37.954365649414136,96.10584840506108,17.576139405156567,406.62029481509165,20.789421653216692,0
-17.187397728572748,145.68688873958348,1289.8433120404543,148.25565380646972,25.0997051490915,75.10396938824317,39.33294929011011,29.98438075693367,409.6801349739712,20.30988076438388,1
63.11233916327046,48.59315265886957,2449.330512806332,460.9058518883509,0.190244509558255,39.03951191368972,52.071686646951164,55.26295342136757,455.6397950788185,20.1551885234038,0
45.69303358045923,-2.740993469956294,2606.356244579434,43.04086513483162,39.054415362178084,114.63415862304737,28.64732617792963,56.38984539364643,392.7724430461206,21.222140423497265,1
-65.37812712686282,-13.922235926789796,1491.9423430772483,357.28787567566997,16.90754433066078,26.096115337602342,20.40458280327847,37.486269877111454,399.1941938291447,20.676273695686078,0
51.691456992226136,105.18919205656147,967.6603444523238,484.44249980937747,16.2589861300498,35.25438618178831,8.1910298537327,29.03012291400153,382.31502845573976,21.776767258199524,1
-33.65788451211838,-117.58711456334684,2046.018488806028,23.342628451643144,11.101025817312568,20.85556594106974,22.681639625958617,5.173757220139164,442.34382036797473,20.594156292386966,0
-71.23760230210343,-91.20056680174625,2065.8062307065225,14.511713093085216,16.427236678079453,31.97092466489044,52.140846368915696,72.04821005475608,385.3572759962645,21.018578440165264,0
85.90219451414114,15.201498354497971,2500.5132340447194,467.5304675344142,20.34972885918907,52.523875162486476,87.91270360443396,67.44779245668369,446.15744483488896,20.99216234692671,1
53.4023772312033,3.659314996885854,1777.8777376725182,433.9729563116621,17.564832423521295,41.84460756593125,30.114608376088658,99.38460562727309,403.8804702791562,21.812206325780082,1
-42.94634826639586,-119.1015742567312,2305.91748119621,335.16077769717435,3.112381583848993,40.26805708868116,66.18575857306837,29.10271370698727,439.2641350749962,21.351746456710988,0
27.379692224918102,-83.95977106649629,766.0300330294999,248.84936165754678,10.621578481612858,30.357647461397345,2.0602459856099764,81.57374180045998,402.4990113433071,20.779404172346386,0
18.062115773976686,-10.472201712774137,829.6428796686984,453.5829458592297,19.480949387552037,27.991908785672187,77.93827905352659,83.07901558057469,408.37008211694774,20.721840798192307,0
-3.13496419647133,162.36385560446632,442.11267105481767,292.58596514561435,11.823902808862856,33.28827814882108,4.732850733191462,65.51336658332716,432.7337561623428,20.565841410386973,0
62.90009696875603,55.34580008172398,1210.1816347537033,439.4165113796796,2.739051179328424,36.65935330943239,6.527506132841154,49.20543671718291,429.6638231442179,20.45730557784086,1
67.04527050881848,-52.18351359823032,2261.732720447623,326.2034669302344,-6.904803710877388,29.56983948102129,0.43244577077329316,85.43528503182944,434.85375285454,21.62029702996358,0
-67.67963197220688,-93.60988552778755,1058.0992020652777,276.4907461635187,15.828430665457095,61.00134434511709,86.29487881274254,50.83253745625586,422.1351302070878,20.64484194194347,1
83.89662089329303,38.73266056087314,627.2806654442504,177.30808917921715,13.516272796823724,37.301523846474986,63.727039140049826,44.26708814851862,401.3856013135971,20.793725691764212,0
-83.02605788774162,-89.3865504070663,2410.1076118638694,303.8916028485712,30.991195313144956,34.0631107135196,9.537033300255192,52.41934192908224,432.4542625070097,21.168556167355728,0
-8.96227398376601,145.11873199738045,1355.1345443678922,489.0990780347398,22.401784778990397,32.198637917023696,93.14209734904163,54.08128319223899,435.01241165606046,20.955298215525318,0
72.65402634374868,-119.5513872131996,97.59950853405297,243.38430048510114,6.685985047454979,30.53616466770023,42.75231438698065,52.98108888129154,443.01534622082346,20.771601142080673,0
15.7800046561361,49.97232293376612,1213.9058946861041,466.64962565403493,-3.8389716014924637,22.16924329076403,67.35312232105967,87.90430093352239,411.6992051636756,21.910571883716734,0
21.78414360414878,20.928667532892973,914.1405376323091,79.47654537815477,21.57560790126066,31.907166836701588,16.399506485658357,73.38939840279507,410.91376048549864,20.120301262777268,0
58.03332626471567,100.80154931435709,2885.757385171001,437.5423817094143,6.145631288583054,28.174629316886417,65.72877398498849,41.58458496645532,415.69808536653164,21.68282161190864,0
20.116087838216174,-89.71124971195961,310.8095319848925,490.4988097426427,-0.9044904440530388,42.99247022272638,97.2802853406754,32.0444968419834,409.3693275430233,20.478572338680642,0
43.71445913002779,90.77975017860587,2299.259234634484,101.44035368292299,15.993040647321894,23.552010204812504,13.532880669610636,59.420067775646956,396.40758227551703,20.696380177461684,0
80.36527708851045,-161.37919793699524,566.9765386517803,368.6004103129678,0.34402005021870075,23.391314832275185,37.56947872826293,79.16091083383874,437.0514433718052,20.371216052252645,0
-14.795811861839113,-126.90453567950519,411.5033619911438,251.649168118409,36.07282732828952,31.657160850200874,35.51900482648278,48.132747859855506,401.15887886417386,20.290301499005228,0
-52.03122633125436,-114.7811342293282,1492.468703818574,459.7228734660511,20.950356794882666,39.871708681406375,79.43947317437915,67.91496750092703,432.02115186542835,21.05192697920838,1
14.352404939118799,-29.21634652344673,2391.8371214457015,85.72198251463497,8.376660512800843,36.85409377192619,87.33405670990236,56.93402108972556,412.4591242611597,20.539647819264676,0
39.64296969857776,-5.900572333915591,292.36982064208337,442.50005675910387,25.156730852266204,30.34188141910183,32.12728179067403,1.8418792059283429,409.27556867075225,21.014595952499118,0
26.11485048990066,-11.456445225656893,1734.9607073850248,408.0334162580854,5.170936073243766,28.997918075375598,90.65901082703083,40.16931254196074,394.2574997526888,21.749748442584497,0
-46.319293680867354,57.81839214897025,2207.6705905976823,77.32513456159593,6.321612344313998,34.91908468610554,45.4334342817861,21.07145444432349,396.71106713207064,21.384140713819146,0
-21.04194013829347,7.2981308064122175,1691.526861335682,174.7736403198163,21.71437780737748,82.15397392125435,69.34489486545972,87.77554309549983,413.47516194245793,21.068067811523736,1
-82.52938016929764,-149.8859583269605,1649.3432578091306,240.34100360671678,19.54254015946664,71.55444029805923,62.730648095688046,21.101024719610383,398.16426073181935,20.90513628797649,1
-34.77137924925122,-55.300918151251324,946.8826098059965,292.31234551230745,25.004812097525488,39.33407054571668,31.965026080357852,26.484738333579383,420.3459823442141,20.90197693392119,0
-22.641498476594393,-141.1196857032449,440.8672868970399,347.50721282682133,23.637461910560745,29.76937196561127,72.55554851355639,19.86310230107152,394.5810940601545,20.984999143520998,0
-4.248056907740818,-171.43689904458586,2275.4189367795348,431.2095947202021,17.493580428063495,37.385491649393394,62.9050539689109,10.66901139179246,406.36744595649947,21.697221047847062,0
86.14603579510893,-146.35208615129426,2664.98129432492,488.17454944291137,27.55693959236924,30.149967991180688,24.55058373513118,89.49704422917578,420.09563003921517,20.829131554006647,0
-22.92025306809309,17.021175787392593,2596.698577404869,317.8977971899745,23.82637816569176,31.975235531147693,66.57820104378283,4.631949132820045,372.71865782426715,22.062868862542118,0
-47.838596177288764,99.5145763582695,2815.6416440955745,183.34422302523578,24.595439977774518,31.241612200352037,74.05395959413228,59.13271432792989,411.4622536824235,21.260857876731578,0
-12.856642614731044,-170.33187148280967,2012.159658625478,498.9214027486075,25.964255676363184,30.942553248290587,28.07012380170454,3.7445056127274667,374.45373510683584,20.5252944953763,0
30.841117288466563,60.63347621886689,778.9422349268619,120.06697167834045,14.1652464771457,29.722661114878267,80.9240633244624,73.72737607084181,407.1747206838822,20.6831538966155,0
-5.052678529050425,85.7332398412708,2210.5249385898414,450.0125880311336,24.828479338229613,21.16228582169301,26.717753779899056,13.314381146843512,397.8820843611139,20.745047466103046,0
-20.5271097647108,-27.70306126173884,2286.5961864872656,181.1959285608527,25.927673406864916,77.11166909634409,10.10925666846858,26.574787625361928,420.17267117372097,21.565948909020577,1
-19.482211254187476,57.80081870901179,967.4639401490458,69.9998424111665,32.081546988312816,124.00771150236669,23.715273366453793,48.711065528337,452.36993653949474,20.63424451212814,1
-76.37027046231147,-92.25570595992575,1723.052333670016,146.64706695097863,43.200888634782515,59.99782723523121,8.895477279447594,49.04863166133079,453.6795778858386,20.725622960987472,1
-33.75197597842168,63.23057135628457,2685.953850183523,149.90459717336432,28.528233824031304,33.56569596595294,89.70811948071939,63.626464806157344,425.5513537401787,20.672230426923278,0
18.67724915343402,108.62972914467741,813.8680960560499,137.90166568241708,11.982562822216003,26.00150377170844,23.629725732277528,84.95817790975524,411.93229992328367,20.689440819863744,0
-15.353226182321308,169.54111330235799,2422.046124092946,258.1838501440441,19.278891447527222,34.386652419016585,29.32912757820275,39.80503506016524,388.42239956147847,20.745911450365806,0
56.73249962818588,157.19880441605852,1309.6495653563063,342.79019179892674,18.753277448888973,43.10890567971349,93.33990041578362,58.24336069180168,380.1546448081977,20.497376190661665,1
-73.14984910384236,94.44675253408138,1759.8071776055456,240.9363039858483,-13.753890783453716,23.883001618878836,70.04865956259866,2.503894997097744,401.38259964178326,20.22947240457597,0
58.073189631134454,88.43025663377375,2056.750874246701,255.41457396061287,5.904627390502654,26.467464368936255,37.37716935208015,0.792387545866835,375.2541837742347,21.977682505036125,0
85.93994842439216,62.868807496921846,362.07038125875744,195.74545805575656,21.821912768186884,61.16807228991982,58.0207225094122,36.278586701334866,389.6146419340437,20.917232213276996,1
1.8774850767504319,46.65361585593024,47.73325918789517,191.32148841514118,30.204110393829744,29.127253909149786,10.69570048831051,93.01341672190817,448.11562473893036,21.169602666785295,0
0.7617882853791969,57.04972771972797,1167.0154416437706,64.16146679676696,60.0263895991865,76.3799490977027,57.5486910814086,89.20968030408936,395.99005219038895,20.31613984238482,1
53.45415810307375,-71.42829291884777,2280.085818536088,143.6630434239664,23.442656927298792,33.929510370092814,41.88923148988464,46.893643125177945,415.22357754137744,20.762241572559184,0
-45.01715872177665,161.80171948658523,2399.5978152672697,403.64465013390316,10.386165767469983,31.90770262175007,97.85190667590432,54.09671554256785,409.32974540389137,21.92274141484747,0
32.46312846934988,-65.37237839380273,2948.6588094718536,365.9881206615769,10.124500803797211,63.54177825887068,53.130557999262415,94.38930568436345,403.3634261089337,21.162577560320845,1
-31.933470957199944,-55.164185640941255,2768.012672087889,324.5723553452061,21.134063124172314,30.211222999109502,11.795667369670838,20.8621989103975,409.1163750016088,20.742476668941677,0
-50.464737055019924,-113.0103940926941,99.40759585613246,256.32420517148006,9.24369700052927,26.66565186355996,4.152777011186226,73.87482391318528,411.54056313637284,21.17686434458283,0
-74.8771148287496,125.4344057575305,1169.2598314443317,292.90529505869364,-0.141650950480269,28.10945773857609,79.0870284837937,33.81155727887168,409.0301769625369,22.254093968296985,0
-48.264817529868004,-155.0745400323521,575.5958654927476,499.81878273793774,21.801316121474716,31.286635684831847,65.63844533054841,37.71955093218767,395.18093100927007,20.318317509052246,0
-58.69935735458712,172.00235246432982,256.0782786542584,349.33160019733936,18.212514776141965,32.33453557731935,20.296854557163147,86.95258037864956,388.08222394257615,21.302264609168677,0
55.414627647435424,177.72750134334973,101.80027303096595,496.95578632581703,3.8901816308634256,23.681933573739496,23.24011716692348,21.473370683939986,438.96608698861115,21.262481947394406,0
-82.94826164286326,120.26407782832496,2895.278053573511,69.69364759930863,36.74393115823092,120.23234132533324,7.453706567523044,50.03561078802326,463.85513946566937,20.86558638760806,1
-62.5369130446744,113.85900709094159,2969.395200333447,333.93447361406663,3.689501820950146,45.83354681209138,62.81047908077634,32.22598196633687,430.73776948316777,21.481413526923653,1
82.36357338345286,83.43249888438203,525.8650060460118,21.1702778859082,20.37311833735314,21.97285188469977,99.06891662847673,59.798580795844046,437.8960956397345,21.900755336981817,0
79.18859733931515,54.32298172008467,324.19538625894705,352.83917388797374,18.453846728906438,31.305384063480712,92.79046553930328,92.32123492383167,408.16900972750307,20.14790795738059,0
14.41093319972083,10.916694696183356,2899.8571013570436,244.0688500423274,14.225941746866296,25.901606194616306,2.815890683630795,40.799158537144464,407.24505160012444,20.727471749889997,0
-69.02439103864742,-70.50630735970852,2716.051740143118,73.71561904498142,35.95448458228141,24.100146451053472,41.06903276043039,26.158283403515924,417.9653945216359,21.473310421269918,0
-85.94365898076238,-76.81207178693369,578.0007707739093,45.5610871941714,8.84417984730334,27.14087021841388,47.66061006265442,32.75304286659394,431.5924521614707,21.551819617295074,0
-68.62070248321598,-150.4864747871054,2497.641147445403,200.1651304953043,11.076060642013111,36.936113142049265,53.85821605005084,38.81133899986177,389.4384298314243,20.799456993130754,0
-78.39190173907713,30.930817723501463,2063.658267403923,20.194468047531196,40.98393440929712,30.33106937151072,46.8544700584654,79.01257952981766,426.24523905088483,22.2842509281288,0
-73.52148740842111,-53.57546082006765,2547.714753663849,45.55776222606113,49.384802005609345,119.57046575783755,80.47367432971294,34.869680589507,447.2918494267399,21.54103276681407,1
68.41143261876661,-106.40173681403512,2101.18164542779,239.74852360147904,14.08444377210597,31.5630539993392,69.90321414086726,9.934452274640382,457.94907695110703,21.48111917804232,0
55.99680467964751,123.61640820482,1983.8539313651804,86.85946600428495,43.30465124843512,32.01822260767767,69.67325407689641,68.53600553126195,396.5906765588991,20.77537470347612,0
51.126332822729665,2.583832578267902,185.18097444288685,70.83167851932564,19.06148794106659,20.871165709041357,79.19604862170763,40.819804539132676,454.7726503972722,21.48847891988717,0
-45.41245473596119,108.4460060555208,2699.772306907024,327.52101668093854,25.230978297083396,47.88439983795342,25.258525258800425,20.743250015847703,443.73064169466863,20.952162000409253,1
-76.35301193859702,-21.179433086830727,2295.761216610787,437.62537443971144,19.246781026276484,19.748143270475058,35.333947782279104,23.69207282441024,412.9494378078506,20.630177311740024,0
18.109462447994872,175.7829339764819,1771.453629915717,469.4261930667441,19.049359181224492,35.41366058392473,88.27008871407864,11.528892716613392,388.76642929608454,20.270729555575468,0
-42.163755859128344,85.72607231581895,1009.1895710224622,279.06003163148984,14.69704974313573,19.733307940088803,56.33563619423694,34.60011011697377,397.3353957900323,21.381660951175263,0
-54.74703970145337,-96.21139125576991,103.48238825299849,166.4951760770624,33.39212692020653,31.98692028873354,1.797557108810377,33.354633811874066,404.13600142034693,21.27746419979157,0
42.27808463981336,170.87549288511656,211.03646295171674,253.1463815255839,10.610371917744411,28.594751556690838,36.81187013010562,32.763963957082396,441.6209672431116,19.854075717548376,0
69.05368521942103,-18.232600745278575,2929.9867042097894,338.8348715567263,11.558152941515438,27.075898556521686,47.54075221910542,17.278023289121535,414.40484678270496,20.1071902631783,0
-39.66463483593456,-37.414153866099014,1040.9199939668883,38.976785007225956,20.030324934149803,30.676640319368595,55.37526519699454,1.8577868764555583,419.3656651007974,20.790474643654036,0
0.27346979841350105,-138.532478606637,1383.5768273178908,263.9860962450531,25.070739991801975,62.06748556000673,58.25104834067303,1.885556998161153,457.20816052211535,20.91453163503162,1
22.37248256716255,115.38483863274689,2034.4627693698167,290.7567505035994,-5.881146278994155,20.52462936239239,44.31742226693499,97.96363112324578,426.83232810498373,20.72890034172693,0
12.971714768993351,176.09964871336837,275.0805579412301,307.0554044253505,34.41001453050517,44.17385274132972,76.30857322217723,19.285293727814544,459.37284161123506,21.6446777720175,1
-8.659965253098136,95.88852863185969,2830.6561841473454,379.56988703248754,4.769706743048204,24.458777519766773,43.468831995499926,45.40370430665713,431.06298228292,21.110768492054078,0
-64.9325447666014,-89.65008063658435,400.5100305545052,220.81161382183896,28.77159100205062,47.942627214738394,21.83495013254858,14.698633303668329,443.08313063315916,20.98102968074533,1
53.32097028568697,124.33776584779417,2703.666957665356,421.10576069195184,16.023794487949985,46.75378758456793,39.16414927399102,21.231676865627502,459.4004918400018,21.42003141586625,1
-77.49091593745648,31.768112908062392,2822.9786787109438,353.01584267822324,26.605213900721232,46.32313706160779,97.43123766180409,31.523777517933905,411.63103849259375,21.18485763799505,1
-4.395927120028489,71.47603586247354,1984.004300540515,354.4343223352336,19.53919320181771,28.70828783463746,19.171504650881342,5.722477335176491,409.72927631567364,21.53549927938004,0
88.51029343431958,-33.866373525651056,1444.7721462009413,477.55674554018015,31.04296271072743,37.625101685091195,90.34447328589516,67.65083912512935,413.34097525279077,20.75086238455206,1
73.71954213575478,10.206472821832165,2786.3982848553333,321.81942501858504,21.478399352603414,29.698101903535232,57.429912406470784,50.64671709928468,427.5145179194328,20.85260051599029,0
68.17739400282733,94.76921993385457,292.57954044242564,471.45472730079706,20.052128060629855,38.814842650611524,5.060644244569601,36.987598746639925,438.0328833347565,20.972222710056883,0
-54.49164339818995,70.72874676811446,339.26361771531333,330.0819903120255,17.09545933485887,34.69412989572251,79.89789716781054,58.6788331647449,444.0120677068605,21.33936044738826,0
-50.416205302101986,36.345215744571874,2754.102764853731,369.9501074426553,19.18697154310556,24.657509758972935,81.75578706265364,46.925797547313884,439.1900268590015,20.689304757126695,0
35.300114790135254,8.53839356616129,725.2047565948208,406.4879178664659,22.270203714583175,29.032378191200092,12.415081044403797,34.14843882246535,432.4756362418504,21.106603774790504,0
-79.67297427578218,-178.7838365308431,2540.1508933147434,246.98622807390035,14.58555229793162,67.32058139329247,38.223112323336096,80.48885025035337,428.9264540249562,20.775676744296575,1
31.27919514887236,179.54830618540728,227.0686346919698,429.01673601597304,17.10764839648718,29.48132792079338,30.010670315753927,23.561839027892606,394.49047600845114,22.01421192145327,0
35.03538877178373,87.31554742753883,1356.3836451481175,275.0017126997862,10.877695957132419,27.466727503390167,96.11355042561419,75.08938144983077,430.2026577381472,20.848955660506572,0
-63.371311555704125,50.87415603727908,1813.0164033103151,240.31575607662342,-0.9692172241612376,40.59643938442824,21.3577240965401,16.62184870616764,440.2869610688853,20.893734110459143,0
-24.75749784785809,142.1671576300925,1751.519925899057,470.7483699243723,7.685523518140567,32.181984978786645,21.039362398986615,48.34095809842837,440.3417477099573,21.627358287459156,0
38.840576047734146,67.59645927709954,1934.9705907826587,66.68523648346462,51.80125204147106,112.28923965213617,68.11841760332075,21.561274588652612,444.4077194235873,21.434592939808972,1
-41.93489194509558,-66.2807826678614,2451.4013993489393,216.55827081499157,13.031679435857024,29.989845387718034,51.89119305055978,86.58436280326528,410.0238083611918,20.439315498096814,0
-71.77519486421482,90.83502348494085,774.4650584576494,137.01441168273442,26.16793569132314,62.11764559496268,34.83921034074326,26.492356331790724,433.51182547307957,20.66484844929051,1
-63.553887236513816,167.04072889773335,512.3654654016356,144.33572605962198,15.392200267591747,32.838678018586926,10.004876502440608,21.904578577655766,430.68572836493445,20.807215172924824,0
62.42129648547015,145.48744995589902,924.003474951153,324.17339182887054,29.023053726594064,58.27192623614006,2.2184212450232277,80.26288964521008,443.2669484150128,20.733541369012965,1
-77.67842183596206,-88.32660500804413,1466.1644179771165,77.75169555117436,2.9625838902391664,27.055992943514077,86.55239070940414,42.386067431263875,390.9034151016539,21.00422411784455,0
-59.69867163440324,172.45933555363536,1261.5027489045776,472.2132012725244,-1.1042787774941232,26.928059193557406,63.66123948895086,10.854617767285468,425.0538024917268,20.692930076303707,0
3.80776014044595,171.02696241744815,1388.4131687599897,145.12290444774135,23.381084602477305,29.21235402683972,57.55242738891264,95.58823436232143,402.61733658549383,21.034503519504188,0
-46.17436770980097,148.14522134246772,2311.467002679608,94.94739923605181,35.395190696652065,73.80049977749093,76.0900080521477,49.83915130780587,427.43960393387226,21.785959165889885,1
-47.74360933505332,-18.038188456967305,408.5278355795277,278.59874348895823,11.059208815314866,25.166947282186122,9.671159581264167,97.04076587374159,430.82233669276036,20.25924383337734,0
-51.52412601650489,-33.64938383152918,868.922451319155,408.73186197806285,7.115632751319118,33.06559926136513,61.39888540366641,49.499387459529885,391.8956057407083,20.658059466500777,0
15.912741795411108,118.94375085940544,2268.346450484535,63.15710178390006,17.329742655607866,28.087222232608717,70.96096817195007,59.401984721724254,382.3899608948478,20.04339202297735,0
51.70707797783507,-127.14822496126618,1812.8910350197293,19.852296533684118,29.785588072873722,27.86424932689177,40.18810701858651,72.17175377926912,441.8898915909254,20.112309075365896,0
30.97188427173407,-153.86210797628158,1502.8582058198374,260.58556505298554,26.826349500295095,47.39915664613949,19.406524197047748,39.35674189056838,422.68606739463416,20.626376201353118,1
15.393379199171946,162.005103631593,2495.1085596686385,178.42073136291611,38.07469587879429,81.31226286856918,97.79271409914612,75.61844869008144,379.28866072438905,21.227704530973522,1
-38.948221323662814,73.61944978256383,2940.425759658335,225.84163473446907,-10.2710938908863,38.57686259961744,73.68511185327932,12.539312270084658,448.60899292964666,21.412023916807275,1
1.8029857857086995,-173.19785868239188,2173.583825260211,284.51168724732577,23.886300361324743,25.15019403892735,23.155865144191324,98.70265319138404,421.9360285529968,20.54217344840967,0
70.60587671700682,-166.27889197734447,693.805555429058,236.11614302733105,37.80772420024926,49.348731326390606,4.24097670136131,83.31211962802358,452.8703892737342,21.000206529555573,1
-10.605399016477463,102.75305314028907,983.3859535431423,117.40204052593845,23.652142037763607,64.38818539454256,90.80849430919415,15.16051724704508,436.11411532893123,21.281229781122548,1
16.345671900291933,-6.662288320169864,2474.080524504017,416.0723469247606,12.718877524609528,49.963394975427335,61.16929324692341,87.61253250286299,442.0086239721934,20.870693398702148,1
78.25721065831851,0.8104358201354955,1271.8445834212287,489.1577490507513,14.580900489193711,54.2039583636264,84.62235111030628,47.05242521535676,406.0873097854678,20.753834145648465,1
51.91219199275071,-12.241564799081573,761.7997641120415,316.2503358035662,34.717720324817904,29.664797546866716,72.44355935105516,7.0711304550533205,391.8311025651833,22.14702739328201,0
16.39997511441055,-123.66864415521192,1155.04005546186,337.43245565964975,-3.9388916417206516,35.42096066943445,38.11878238246662,44.78700541581983,406.8284697724559,21.255393612670066,0
84.18417596831708,-179.71876121586865,409.55320935230844,466.0667311334139,26.729857391288817,24.26272055757562,73.9458067012288,5.397137856982736,399.9052877006173,21.6723722077782,0
-56.22824259879031,32.056408053995796,1286.250785794752,171.16655780521333,20.106535555342848,35.908652884046084,34.12625366308038,80.94826662764636,429.19768389923513,21.40345892696512,0
52.99759795234388,-152.9959568876335,2605.547445571951,234.1296678706106,27.790853830195747,32.11380610972286,84.64991593547785,23.032336245529617,413.97028996689437,20.642501471289,0
65.55021285329795,168.0315111924126,2319.749795941921,493.4384539577748,45.51457568413824,32.83894771977903,59.610103365196295,6.53109471753951,397.19366551695884,21.002569363715466,0
-21.04878724760816,16.204290220081674,8.202288468658669,238.79338576781115,18.035559516194063,25.907854134914995,55.384497656999464,4.984827507650991,401.38475829446713,20.984743009370153,0
-41.15409183513778,35.84877844699355,210.4831688547093,460.7126395978338,16.824576454756315,27.621461377811098,94.90281400687869,48.920632477249896,382.01555088938414,20.706987879289848,0
-10.637257043559359,-16.071689509372163,1011.6422028540233,144.55880995307533,41.43562044370448,65.04198608092973,92.75840168982347,32.27145899533457,427.1442720883828,21.003255057655963,1
-16.049716352097064,-119.01463154296528,653.0442966511658,408.91711414063053,2.2077044744436254,28.28032489594524,64.92586958053894,91.8739167509781,421.95355887611015,21.248630345023717,0
-0.685562054118563,8.009255652616758,63.28079248574525,277.3467717832274,-12.19723683020295,36.30780315192744,4.5861010718866275,7.7128228374810925,422.3324689888244,21.323932782845766,0
-0.8290897871460885,103.55438116475341,1852.4996866653382,296.6844705520419,12.932657771095728,36.87941472284805,67.56983628298254,66.45857446581793,394.55705505327916,21.179138770959955,0
27.411083805923838,-69.43719763637844,699.2928264818368,272.2565675292455,25.558483107124097,52.967461973289254,7.59485204126965,81.64894552888778,446.91798462695573,21.153486264188324,1
-44.605893324536474,177.15270065659672,2133.00873839222,363.6252549746405,24.709627400545216,32.54322226507229,72.92206222315083,21.709250005684165,441.9036160683965,20.50557706688016,0
-45.74292758453071,174.85069983261116,2768.0376520688997,26.539353963680192,4.685494967675236,34.55870723859342,84.93309216087427,13.721628094723126,416.91256441384604,21.00210924180659,0
-15.697411683716254,125.89707346514973,1427.3937693467176,172.55353778010422,11.693281327706794,63.399846276334216,3.4328708174696576,44.91435092483916,429.3971051645098,20.938057927340285,1
11.156293415095746,-141.27494712462615,2297.7166007456367,183.50441284999812,1.3952119941978847,27.7497909810328,40.21380881103897,59.149566726428226,402.13616647705453,20.992312848970126,0
-78.88813126738894,-34.19953269849242,1523.0583052265692,436.22221448031326,20.588847206947918,31.447577826505302,17.141510409947223,1.9884340270452938,393.013629528856,20.55715249524436,0
66.71862193695532,151.69869938131131,2401.9799721447016,436.7022211563004,9.833232023429206,43.64719274860369,43.39861094643861,32.30847703030586,422.9652304913849,20.659962635501568,0
-2.2289692223372697,79.87312516294207,950.3855989050137,59.98718103736564,6.855800537076904,26.907335434841304,69.47385234636224,42.599527561542985,389.80567090856465,21.19471533639273,0
19.946894841280965,-61.27306600535451,786.2830638714777,268.2174071560315,5.717240973481708,24.905448276270562,1.662723172390268,16.052040139356283,424.057764052751,21.301814614421342,0
43.87953683910695,-91.49990798199454,654.9988137039344,102.38889450938059,42.17622919708997,94.09406921306972,79.23260368483466,35.3166632515362,441.89231697715235,20.58931128199475,1
-22.284940529998494,140.20302147381847,524.8974440118274,396.9513209435015,2.367923104298228,33.65428428624887,69.5143252464621,34.967121325752984,437.91218272001754,20.729199824264366,0
-66.0246536616385,-130.5061758991431,1515.2397960158794,239.0589542391831,24.001098164793287,52.501577897881056,36.61846125178049,86.5264355383478,420.53139373326593,20.20509413476301,1
-77.35474892764385,-66.45615549485443,1017.5188490923388,123.30054911100666,31.573503011991754,100.0907437245194,27.91051866327966,59.936250334225385,439.4625510574363,21.487747319308227,1
-22.71875554456942,-54.55550499136832,1826.394733112748,151.85737287258883,30.972017631184347,62.742644266041566,1.2441316176605932,42.32626285849451,407.1337531137384,21.49002473232111,1
-9.439165847739986,-169.8473926474917,2068.226718972279,441.54866923589947,29.635102688154,45.35571303770023,57.489507497878066,5.648521564263831,427.4905876198716,20.462534318032095,1
6.151144235029932,-22.46010907153493,394.3668628679595,250.39759568601716,21.394580705709224,39.638479465695035,52.90282116421039,99.53293893094724,436.73404188655394,20.79856343344452,0
66.5186540875697,-35.34242177850069,2739.1311705740713,50.76238352400528,6.279737259053254,36.4119545147485,72.47564733821164,59.28525776126388,409.81692006417467,21.609085102058028,0
49.650125841549595,-7.72249234686052,162.76458419232586,382.45781432808144,35.29811259224277,26.24190205650472,37.55329844664189,89.94446000451237,410.42981063325846,21.26929937862959,0
39.50042684914723,-141.49211927447698,1103.6593552532495,130.14319562156004,12.437254392037897,30.16500824359266,53.979600666156934,58.724729818588386,396.3681704146239,20.635456828829376,0
54.27157820000323,106.96482084123409,2164.598612565398,417.0277538702531,24.161232921399616,31.155221839535244,26.316578479148067,64.77523520100485,389.4796658446404,20.78827698380388,0
-5.427504843744131,-18.542585365748607,1753.221190301189,27.95474733799336,66.51609084985598,83.71820747055723,79.36408368793968,74.80939179316938,417.0710537165244,21.422518672218413,1
-0.6123864794643481,11.161887452983848,1810.2452235616163,135.78048970268497,25.051927009148088,23.558638113341217,50.27621446845277,30.597527601080408,401.860411064961,20.85129240169363,0
3.0815007381788746,125.12449230895498,3.291947439812648,59.51999777979128,26.323448685973972,27.049183943501017,68.87836683430974,39.62714569000251,414.41961523863534,20.503287803610334,0
-25.077103464157773,-46.028359681114864,2604.0830270969727,38.25726660920871,5.280527234603301,32.75558819088961,4.6261968421038695,83.60481759259002,424.0641844976271,20.866210635931026,0
-26.81184902382701,34.85065093104848,1198.015213710024,205.04918756793614,-0.2888700671271778,37.42235410396745,14.168921813741575,80.95258993082206,429.3375005800379,20.779770871834053,0
8.63475675466374,-178.02134565143461,56.69569595675228,94.06511579079121,11.150307869762498,26.03324277646308,40.61877017172139,92.32009314118683,401.61766749371657,21.53832583711487,0
-3.3523925726799604,-46.86542624225237,2881.0354361997865,471.56122722846965,15.630549035401664,31.102289399007063,14.29190933561274,99.59763112839022,447.45903597619616,21.96523916695165,0
-89.08684655532777,-128.70714880202436,721.8234359777019,68.53346731140837,15.639207999576893,33.035925539323536,39.22641302192101,60.525415842728805,476.9174111151023,20.887558262244283,0
-27.95918640336987,-82.71195054622227,644.1069711086807,79.2300705042757,15.499937900325213,28.154820779114743,73.69646958458571,69.22601555451602,426.49247096392065,20.751854789387213,0
23.81249198332202,3.004701538949462,2209.9577111982685,41.38061969358789,64.71869743847495,85.51191597482511,81.06668422760193,0.14137148372417307,434.94875065948077,20.206552742557218,1
46.54855949258672,101.16015591783139,965.6392081931893,226.17626909563785,37.1968484079692,27.677850046085766,25.61704622015618,45.59769720520615,419.9115558489984,20.39566799052192,0
28.59455757410406,-166.97254901622276,2236.7583485017653,477.8019587761676,9.392055247497872,42.50582289004741,32.2757511255337,42.842975352575365,419.5553850492402,21.237643630098685,1
37.439249824306174,90.34594121555403,2592.738586545069,209.04424731611616,22.56052623220439,30.197792953975565,62.221801396400956,89.6348766269425,404.23511815897854,21.336625727881703,0
-10.867780166202891,-175.34352568460127,763.6498001826735,78.16620335492637,5.161565056547584,31.649139411432174,38.53247285175041,18.454630021475047,422.43300790323275,21.003157770534628,0
46.78048132388719,48.739160419956704,1373.1148198744297,186.0804267020628,26.852224429776967,70.40532275886667,57.51151340428986,24.949493003486054,426.7099072275749,20.8594715313337,1
35.30811965685554,160.85227196495407,2710.771482973529,335.4489093647764,25.159650570596476,29.29428700839713,0.838210662105443,78.75865132645642,412.41260736070745,20.28075853263938,0
29.54784567779373,-55.33747110721549,627.8721295742482,136.91233281432534,25.00798634619908,89.31203339928689,28.791333377958605,0.5245610833204739,441.3859055871917,21.26946124778327,1
80.19737280351214,7.52753213077159,1064.6184406040359,136.10257039130636,10.492709814011558,25.975506397312884,45.360241263510616,40.75371057493808,409.56711870497935,20.740508473843033,0
-1.0624244541267842,-44.61635123535453,1544.9794102526557,419.13624396033265,-1.7162437154734747,34.896747245238906,51.02035094084282,16.983620736315775,412.70983235144274,22.019014279169998,0
-85.17231208065778,125.34175349940273,1839.264130882531,386.2656695993408,5.662906889936792,43.573551717407966,11.662277280203115,67.68303301509988,400.7727417636841,20.92649625078915,1
62.08462146451541,-25.64002404902297,1078.5413948679266,466.3392699994925,18.861949601207094,44.25045056019173,39.06672748026851,63.0218774059006,417.5475929663231,22.19716976774313,1
-22.647998332414048,-131.57259492428472,2047.2934390398561,209.5143545120924,35.18601110869791,68.57027899217573,82.08800299951751,1.4691966610847262,420.61126076884995,21.074055217430658,1
41.55665281947927,-107.2950065666628,488.6981431667023,166.5324800093846,6.716232323850816,47.0696490110997,93.36775013086218,2.077578723428164,424.099988294126,22.048358607027687,1
-60.95556182114709,122.53557530703603,102.18881883901099,119.26437712316505,44.344160521160596,97.7880622074014,94.48605796926198,35.891709915779636,400.7638389699056,20.730334868791928,1
-74.98979821182807,-29.598653348315935,2921.7100534659535,494.82891334250536,8.186346011059143,31.303756732939405,0.00025143049091624903,89.62983842595116,420.257865040845,21.714589267603195,0
-10.137826868504249,-158.21157804997543,131.93707865776528,213.11665970595328,18.670125605401612,36.03510544983955,46.90486515777311,47.40941462708893,384.51641886545997,20.80361476306504,0
-15.468615869950966,81.62730567266618,1899.238758062254,332.4146220432552,27.669327912412612,32.62565957946436,87.12047380736199,2.0364425516830487,409.1082649351258,20.33839294501355,0
-26.982576111271577,66.55245357629295,704.651494724653,247.30325550464062,8.475233001604199,25.097707154809108,85.25954176946527,86.95708773986624,406.35166681648195,21.16279615258468,0
-74.81883300668892,-93.7253466952128,1620.4415808138078,55.18306112715078,7.465957321154414,36.902115974690844,68.70818806989485,61.64054733242135,384.50909429981925,21.099326854617427,0
-7.481401943159739,84.29600857549775,2278.885944070271,23.97814137529079,57.34279030699924,87.54829831869336,27.970900230472928,4.005334207472533,423.2913076051484,21.686977333182252,1
-30.644438364249176,146.64795212878687,1711.573793151147,245.7134572092783,31.718854527029055,29.171433679648047,60.84301934920195,28.905460407319204,388.42013992950336,21.80509967223518,0
-75.63383202673948,83.34263381758518,2069.8110497358825,471.9845759657791,23.93729386530508,39.33605108921227,69.17875674663392,79.75821292471828,437.31759801022804,21.19557400668925,0
-15.964102992723738,-35.314653166278674,124.45456508879194,150.70173487873524,12.34623165808399,34.88308385520189,89.63609168768028,24.73372560978361,418.87658303478287,21.224633236159814,0
20.932332556007253,0.9890962661830258,1185.8963359961383,405.4433849864125,16.03474187431962,43.37779950326072,44.01820752126048,65.291584314321,403.8621591851173,21.449124519669915,0
39.07477519452533,75.40248998365203,707.6590355209858,429.41316446900595,8.708224292816736,33.86747528522906,58.28761062835035,7.673311597075383,391.25461184284285,20.587254975595393,0
37.86155199342841,-26.570121010593198,306.14329605388536,44.62985811598669,50.083467636066196,106.2098057505949,13.330852603253618,8.765800425603476,451.57505770283205,21.399740773140074,1
50.01248209964746,92.90343219431037,652.5170591007804,172.79442773823615,29.21162524918202,42.159158658406334,95.024293271821,51.859870110865415,420.35114456109784,20.967615877874913,0
62.794990520444486,-121.13510347034223,2550.022640707278,464.52532919814564,9.711887137955493,37.84266324918039,64.31716484538381,98.14606800747855,423.36957579922563,20.539899790006817,1
40.41036407513195,49.15611268068298,1602.517871381122,62.51791823235021,69.32149495952515,98.84103810400543,10.116935115085779,7.579711915525255,428.18450222441817,20.658323368478115,1
-17.350595898025816,71.23383882023808,989.1919474170915,110.85510161149341,11.271788948664728,27.31022302675574,52.42102560101778,83.48305444114057,430.11276334561575,21.207443501825004,0
62.74621104803549,-111.58329896881916,2704.061196937788,433.93338279081877,7.437167005644401,48.54211894690043,1.6877132189491273,53.35890980304329,432.52909131360866,21.572638957666896,1
-26.65278717408738,-9.675041835783986,1084.9787407584836,118.56149022242643,27.197444773119106,94.90791374284274,17.85328686905594,30.247190817108084,410.2555543986119,21.90636180488044,1
-48.816186435930454,158.5724573996821,502.01275334907416,335.25764461158565,33.74440465650035,56.98650232942111,69.93319871151388,77.44308005473822,438.43008521734714,20.479346490706256,1
47.16557294576887,-153.95641949226308,1312.8432736922878,387.41460392488784,30.717580418449874,45.32632637168595,51.10299986565799,81.79758610201627,393.0082765306833,20.620765745724626,1
-49.680182995849435,70.85388374945904,1161.9437723726655,281.20405989893686,18.928985373333987,33.980856578693576,33.57438370259711,40.066273317518096,419.15961444681324,21.433194199904786,0
-67.38034270837052,-175.17786353745987,571.8531385108099,395.17776774287364,7.832388803217253,35.22989851086292,93.47773356692275,61.09988581414649,409.7983190534354,21.203512856628585,0
-61.473601749446274,-28.28879980015131,949.2896590329431,131.6633166077052,30.467029669095773,66.09294677792009,62.74134451987038,16.56310375961646,425.5123991681445,20.534840533325273,1
-74.82907404193796,-19.00907831128194,612.6387949824707,478.9238954119141,16.466558995162135,31.399033753177257,65.46431541387861,63.669324146930116,412.47688177461924,20.605664648116175,0
47.49812436730065,-90.41551109404392,1689.6149483338547,485.93003897171405,13.65983165484878,29.263099120331372,68.93404245361128,0.024980686943298913,415.59458153518466,21.093978391116195,0
-84.82703470957958,163.39511974508753,1403.6715665426343,482.4646837473413,13.610912131243271,43.326383098402566,51.246663637246655,60.461898416020986,421.3644148752514,21.033410431302325,1
-20.71499663908881,134.2027623087157,1411.540505952323,35.76440182837851,53.56754759498838,89.41185228234446,73.26056839044614,4.8749592402996145,461.06886925468814,21.258612794202907,1
76.6028599136317,162.90648904118302,428.54680423722766,411.8303701867516,36.39572260555857,24.546174756869092,47.8747320178098,64.43642341592704,389.37352596983817,21.298214322412875,0
31.748233826087912,102.65959812236326,2373.1034249332297,17.84862123713547,11.442857860281414,27.22688939902537,62.260952293464136,22.074778305624896,447.36482229398905,21.428835919121102,0
-44.29114940381481,16.246218687900836,1740.455597963692,93.41042375750162,-0.5319226834368624,23.325322961197603,32.15292213355016,19.310452084302376,418.20837756719493,21.007488210881533,0
-63.26131933305906,-101.0850949611423,1600.7980234393674,248.32567828770672,7.474226405732423,21.582448862943405,73.56218386796509,18.422047125421017,360.77036467766766,21.42578868283466,0
37.46778106173164,-68.19867797074627,1818.7019802124746,259.98687260530096,9.573311150009227,31.215826811067426,72.30352773816657,9.482876029149834,392.9773632947022,21.37270202413022,0
-8.896407447921362,169.22292925619035,2967.7757154004503,427.26239423292657,22.02969273980195,35.64270633568209,47.12210682131081,18.467475651412023,431.7059275880602,21.144065364347497,0
-70.63737279428545,28.042091413552555,350.46596332799254,372.77708103384975,23.51899123591953,27.9170371153664,87.96717570604694,32.14304490462706,376.07744429609505,21.164471317710603,0
70.71206614963896,72.58648831450347,1227.6455190185811,372.71334770149423,22.498475468716762,28.75811732583748,48.59995475821369,87.59180051333334,414.61593338334757,21.451464643193557,0
-53.77338828286526,143.4588616928961,1115.1974233892686,229.9287161931701,18.976035897622005,67.41841455457549,0.06618832042738498,58.06523820512221,435.04406998717195,20.92106974488725,1
-24.35157288527472,-12.81627653766904,436.7239711685893,48.56849097951821,54.393573201254824,81.30312818318369,41.04849821396746,35.663903482879036,419.4264071312411,20.8692284485517,1
-50.095836211297794,86.36804726992267,61.84348184047106,323.43706796663815,16.483027232241067,24.866767647185014,29.916380596929137,71.27908405767975,433.7199737291961,20.271379188351993,0
63.22056843129056,-93.26198005953147,1956.093907401303,213.0347093124161,32.61696787973622,27.579204790818864,87.12464015173047,79.34553944275594,376.12549209772527,20.93240811450664,0
64.07947958089173,102.18850843020618,1028.8347936104317,94.33996497526022,14.054099148715082,29.300674560041394,71.02839087977885,45.31176321264005,400.14312397848005,21.02327591915128,0
-53.864271415954505,-75.66764866220937,874.0430066642515,191.49096465991911,18.568334951943235,21.641818253619256,12.008186577333769,80.42116399896747,414.30805176402123,20.91040209269001,0
60.81456251712825,-56.925769226898524,2905.5415462265773,462.7415299321438,30.546226942730407,48.507040677348044,48.74111575750864,5.946452295695903,420.0478818252219,21.484264717838666,1
-32.63719396456743,-89.64007868124904,305.2024157495015,320.49374008918215,18.625546124906638,24.421603851911446,25.27003158316674,90.7462142050102,403.0964775322477,20.47088044391954,0
13.293154175267574,-20.1463778997867,1083.9495773111646,124.27271250892753,8.887182389662412,34.716804265521304,13.698298150875276,50.26944217372521,383.7791299297813,22.136797080437198,0
11.79544998348598,-25.08394690637286,1876.0395348326592,101.54846414109002,36.136003194800594,117.6259663490311,28.710177326702546,74.50132254428064,399.0533050695762,20.960994055544884,1
3.3021819645706785,102.02818552689234,2121.6560515458423,140.55905563593845,16.73479631716181,73.94343030288096,44.707357151275076,36.65711763161492,393.7383351091348,21.236259729455092,1
81.24139176744563,-9.409540562497057,2651.3843907008177,460.748404210952,11.262699988704625,41.24657964300056,1.2323253093175834,61.05467041072755,402.89110546334234,20.738142671566145,1
-11.68501806433818,40.4524096937414,2202.129939235106,149.64680466678567,30.94146107785656,78.67526869051244,94.57955930038399,25.809883723776462,410.09884912206405,20.400678134088032,1
68.44953918405378,-44.49125458646145,56.49226601761226,295.29383270410005,22.471482966240465,30.753107289480656,68.82912213255604,79.01754235322971,422.5402251291481,21.631409043972173,0
52.56671012377856,-106.54360986493569,1685.3406980087352,285.2292620034645,42.8420204385716,33.394303725961464,28.28210440714608,29.458550852218934,423.7689482528184,20.852957938445485,0
63.430384689123514,-2.810664268549999,1280.4082359937458,307.85851705656603,-1.6445479538118626,37.56435270714542,80.41424836027794,43.64488901078506,401.078119606774,21.45270891928099,0
-14.9307866400504,47.79410853409732,787.0099610246324,391.06239080691336,28.207811361924534,44.34696507154575,72.10176863881146,10.276787696989476,457.5940334378605,21.053089874343424,1
-7.518914126869973,56.94656816071631,2619.763716649525,68.69428224500987,37.12431748517892,104.04103244570244,18.011868571897615,31.314710686777147,417.965034687507,21.761409675107267,1
39.34542765128259,121.07231441679573,2576.16423327049,384.80497754555245,22.870239559773857,44.71974258941839,51.56984167969135,32.77112591842825,383.15563150391245,20.943324207589693,1
58.149927210840076,-120.24547243646977,366.33915006029196,475.28992019716463,1.8025515556871596,27.36024095157119,19.483202450580748,46.80428986639614,420.4308735501016,20.58480168101063,0
70.39742599071312,-66.9110792636156,1201.2295785649146,299.0437819024926,22.73760572901404,27.680278375387882,39.830918263178994,42.71566831288822,386.7169913117873,21.200773162585676,0
-43.367710592389045,93.4782779025071,2552.3152536553816,178.0262385521521,36.326604802150236,79.19660602168429,52.63984409300962,6.242106997814256,443.40593508432164,20.965547978990806,1
-83.41499347291389,83.78516930951275,1554.0969903590146,91.85797424975037,12.143956833971357,23.18140969210067,50.537067673838266,1.7949969759618822,418.7576753514706,21.240249522186325,0
-7.234720222086466,-98.2852416360114,1103.4279824851067,179.76448660486417,33.39016931327156,29.71595237161814,11.902272139418068,96.98498727373534,436.50812114042833,21.37508359121253,0
-9.412687149964214,67.5118796268745,2694.428590152824,136.39019861192116,30.05944259065982,66.57919608804795,65.77235889825386,46.621405658397364,445.04496534564544,22.181348727837083,1
-33.5780991691542,112.32699169313463,524.5654416045572,140.8370713151428,16.887478514328564,26.060863752660357,70.27371263283463,2.961749582459816,442.4543083919848,21.790051606084425,0
-8.511944629799103,4.236909181403462,70.45146697959636,237.7242191532392,17.599023744737742,23.636119694763956,97.76292141150465,18.461051747519754,395.9705535502922,21.086538117072916,0
-58.303126953709985,23.852458876548013,1413.2933624903912,71.19729595028268,27.919232049448425,36.311922574461335,9.714230269817737,35.767247473566464,436.7483545345512,20.29984123127863,0
18.221540498928917,-51.14675997239834,1166.3099352347926,328.3417739690049,18.95470086344356,50.906907826814376,51.45680789795727,76.59084169965972,442.6866806507555,20.550330439391512,1
-67.38532984832146,-72.91383083917422,46.310648637093664,25.70137577214329,61.933049225587155,105.53597593613028,79.34460148469157,55.94793864148373,429.96168335656597,19.432221654150872,1
-78.72981137699223,-72.51320000464095,758.7483946941242,499.88183161777044,5.54462594842167,43.9325713428845,9.598639601875703,0.35737939863478285,416.39243886871253,21.248200055721668,1
45.16229482552143,-83.60428120845195,847.7113601418944,400.51953644169294,32.79296961674837,35.114884734982645,61.11450393641462,46.73393932653534,404.93522085345546,20.4287460100246,0
5.069506709375517,-61.518477018162315,1778.1623237711892,298.78000477206547,29.881753520810385,47.653622382202684,75.13352625641042,59.95824654207274,422.70455872007346,21.756381384000083,1
20.279443085565617,-155.5773952132591,1436.8676845895734,329.91702819865316,17.241771987517566,29.625187887486792,47.53186196419566,56.533013490239135,429.5226452312356,21.388404419964306,0
-82.32814952242614,-166.34896317945564,2503.785595212567,356.1515657709828,44.9346447410898,44.8004819007178,84.0421830399782,19.32529940894009,420.78403519929105,20.915880144391267,1
-14.256028210193335,111.59775519899557,1500.070346495115,119.9682062780982,31.10438290570759,91.43996198792263,96.74927619248255,87.46049363288925,426.1158855395977,22.099900963132185,1
-34.24212444133626,-12.736646701836634,1705.2836042674394,75.9040277704093,16.233497338620744,71.81494792643468,58.499695484303814,29.478802275292036,431.67777387204796,21.399229286724978,1
-25.74773791105089,-136.64927180066996,2173.682335079315,256.0755280534753,17.725890420322116,37.82409246959365,64.74184278579894,75.6056749150751,417.9731675558991,20.238927510604196,0
-47.79789659763689,-53.51743856762202,1823.9837665876826,484.74886642350646,30.824397665942257,45.619028365082386,73.42735344688226,60.119109032816375,401.8746091616394,20.531991500242874,1
-22.867658852128926,-39.239317783073176,2784.6395510917337,495.40188042256125,23.709362316174882,26.981130790965054,36.84371492755169,76.26306684355694,456.84456233718396,20.476757984061553,0
51.90724915113509,-155.1607762328369,71.50755175555834,488.1075095217332,45.56269251112586,30.938855721335702,54.345867868043705,12.192723503358849,414.6456577957597,22.482366353376882,0
83.09554049487292,-28.721765740148385,725.0674437193491,147.98155095769158,15.516530551513963,34.264911588784464,93.56486982244073,4.928900813206694,381.4502387665175,20.277551910155875,0
-74.85484058133034,-1.8723168322248398,1822.4580869970112,45.123731302564735,26.781823089099554,30.054190463850926,21.256980493217203,61.14722479190643,399.3273107479922,21.57908870795345,0
9.391005952194703,-12.787444328515704,1048.88461697749,339.92603087504693,26.74183492179803,47.32364412113235,11.031585727980076,73.01238094399912,404.23879205903796,21.82524929372819,1
-7.948977053757716,176.91484287953045,2425.955097529558,150.77806129375878,9.61766487438561,27.883667471910552,20.97780349884243,18.757640217466122,416.35533944722835,22.24622534631986,0
46.4077435451932,-99.58210146267844,2804.3581061549417,126.67455427706551,27.670363791315822,64.72433883428873,94.60778082849541,16.085116298434365,412.4988377869249,20.95116952254732,1
44.7707084314261,133.32011681252754,662.4817457042467,454.7183780646238,7.498640200931708,30.11145780029209,56.11912476763267,23.872347285674913,404.591321718139,21.479840117741208,0
28.728525024935067,-61.97161064812198,1139.9278935820555,106.7743601815445,29.0775527349727,25.87923423676459,70.86356298991693,98.95250681812246,419.12743228848393,21.726666035023506,0
55.73825261961201,113.5733599747324,1726.800523052225,116.13390936194874,18.10301403525218,30.543529484221736,95.41936688064641,32.55829216721045,412.77384221481424,21.221831073118803,0
-31.295168559045088,16.033302182828322,140.07834506492878,194.67887185421827,49.03129376404634,26.100814613253785,81.44335061873807,39.99373081258797,405.73378136245293,21.841521234957014,0
46.52795014017198,129.90753539565037,151.46838705064204,413.0658847013289,26.19721168976064,51.60062080629586,80.92293030475007,91.93067475140542,437.8108579616299,20.60742688791194,1
-67.79518387656503,-167.39685213070635,1776.3368438422474,227.5980338690253,31.463881590856044,22.56908061599283,22.27116699912607,42.488085119958306,383.7726771372833,20.242957703535815,0
64.2153554709071,30.700232841024985,1465.9990885294171,159.13698880841181,32.349432748417904,28.12452742413249,43.964038848316434,26.301481478064037,414.72645755455073,21.397596894468844,0
5.797525397027172,-173.8271237245598,1767.654531893802,183.96809409615017,8.52515726315386,31.237507376539558,21.127615647292675,59.46834485816211,410.68410821087264,21.88528255008854,0
-0.09829454400329496,38.70141710873435,2659.434120542068,82.3745867577749,29.64482436296225,33.992595209195336,47.06393016577124,8.488882801687447,415.34427714062923,21.700633856106734,0
-22.91104824043944,147.19912886354837,1461.1195003943267,363.26764740076993,15.221801105717638,44.09116942332694,51.04400352306189,71.9715992355601,409.23169629532066,21.468708428497298,1
-22.112928986542173,26.169908610209006,1039.643354214431,57.505647488887945,18.187466076894587,32.24319726194242,59.71639246670391,50.84271501631184,434.38019927864843,20.155277676601816,0
-77.14485837072854,-100.54097891427215,1406.535740448819,151.9170716033116,1.4250579109084427,36.34627237982934,91.42466478393028,93.13396493696087,411.8280268026612,20.497215644032476,0
-47.03982165014711,167.75985521676074,1844.1063729993011,178.8113123081651,18.07837589256299,27.52846604295546,81.9374097407596,45.90501453890096,413.56743824639995,20.438095913764776,0
-45.300071764196254,-177.82643192169735,1701.76052670232,355.320065526079,18.01767274772916,48.38536365906605,32.02919346321745,13.209161135566728,419.2301237564176,21.105239117105356,1
21.956385289624592,-41.41102809016394,266.46822057912044,33.470786483675965,33.18354029355782,32.81134537349329,47.43299333428512,67.58050550291902,450.5306296716825,21.191030304155216,0
78.87293233923992,6.119808864069398,986.5684641040892,421.4443065057927,17.908917864261472,28.631236051516815,35.63254170272313,77.77893489775289,405.3795567684343,22.033067567573198,0
14.924147904694564,-11.036632576390616,1687.6750812539847,438.1453689535574,19.64014339143101,54.38942460060938,85.77938562215625,4.289803029790795,456.03255206107644,21.870389641282607,1
-73.11004347548015,-115.17226285662886,1283.4535327703222,61.66663997183041,64.37112196284173,111.68221167813046,15.66477132505012,83.03839421730669,447.74455971690304,20.397310678302556,1
31.687697813687194,-59.68667769445429,1065.4333716317126,21.93387921617651,58.652416196817185,97.80513930830561,87.59705351328839,1.9412663602128122,442.6294703752435,20.080815090791745,1
86.06070509518244,-8.516636164461545,671.3190266584274,340.71473024292624,16.88550180167527,22.36329139154192,38.96682498286438,65.16537289293626,416.230494061591,20.641651307247653,0
-2.0745887688971294,175.35007929913564,1024.901763865004,228.70491434666135,40.27725387088388,36.98727287431704,4.888917835341178,80.64618460484897,364.6631173050273,19.536158925905475,0
-33.151880312295134,-94.86455826667162,1744.5348956748887,198.27031010735993,23.139511513538263,80.12916222102518,27.219581092794478,25.948787471972913,400.1354260766988,21.625036591772,1
-40.67217452238697,37.31749808541227,755.8307316898242,269.00601547639064,11.312695654689719,51.31208727081763,74.16020225737462,46.25479684017995,421.96782248878185,21.28753545189903,1
87.8041905239015,131.49783081228003,395.3937687999215,77.66480047038898,28.474558336427563,27.845799483574318,8.54438697841019,98.94849684884214,425.39778174927557,21.59888335552005,0
7.0013915419443435,129.36147163019353,2223.187876100651,292.6469608696067,27.638102465969943,27.388093799570477,67.86401845220412,34.50601538578305,406.3212878622485,20.6168799346387,0
6.469732188344224,160.86907041610414,2510.5755329467097,285.89714531708535,18.95905020662982,30.832691982718753,62.451409711526736,15.04569246067523,414.8604622760294,21.035249154497144,0
-25.844084764342384,-10.214336197499478,1299.2261457808565,479.13528432982605,22.004161085528146,24.9597356176465,53.15854379004228,7.929988432208446,431.9829459476629,20.97647406281705,0
61.845784365852865,110.2307214141606,654.5947743726038,31.069513837895837,18.728960491265603,41.67246049189224,73.81900984832497,49.51927525610649,452.7869041021508,20.252002231958656,0
65.1682812546326,-156.07482614994163,2138.3063931501556,71.61395059670136,28.346001993015957,108.64294748330076,21.737933807486066,42.57003492396376,429.4932466746428,21.564852748027032,1
54.385518715963,-126.9889271645443,14.699577903124595,145.2036205113364,-2.253865153458765,27.904239451910748,0.8155742543233369,63.30791052526209,397.969153178553,21.201897287835635,0
-27.359264966854894,-152.86926842539663,2297.247621790287,386.2248151075231,9.309189590993471,24.926166196045337,66.92503181928748,46.41964886929798,402.2716593878783,20.555594174887258,0
-31.03489420725076,-49.17540371656057,2201.0402176780885,491.09599534247394,10.75431188009573,26.350789080976277,2.8829179823329776,34.99320215170832,382.70459577056374,20.746293539357325,0
78.12338021976399,-135.95186251380704,1685.9523308245602,216.10334081510982,18.223763644862057,30.900012349515148,25.400031588870842,43.419826604480505,425.97873253151107,21.132901363647967,0
-70.3010082292496,175.48888360699584,173.28204244178445,13.951824052468368,23.00224882941702,29.656749600471144,55.0926648899377,78.58012397255581,377.76155607219744,20.73470374024401,0
-45.47780766342207,118.89488194466941,1544.8859083566151,343.9631559344224,19.744685340369372,54.37404114724191,40.46858053080555,97.2109247288495,423.73141728576064,20.36137616811255,1
-84.33866463290845,107.57505567326655,318.65559180913425,322.7573209634524,9.67218516879782,37.77966233672697,6.754066311013284,82.0123101905686,432.61535735309513,20.774777492264096,1
60.12512173273157,53.07767347965637,2081.4313314184296,154.48154596534894,12.905348206763424,25.614324291229558,2.9403689534997057,75.12951456418935,409.64697184185553,21.26937770412162,0
-83.58319200814667,-124.84992238787724,1889.049774637214,221.06256475873468,15.394722737622033,60.603253860667834,82.03692107629972,22.340457294434056,445.1829602648485,21.00733223161616,1
0.4560363097028528,92.48037058863326,2136.2204496236222,349.4649606471727,1.3790371371451968,29.346533278358923,50.97892621291088,26.457084463867332,429.3781855570991,21.47214217060896,0
84.41749645851857,48.938648148856004,1183.7859587960993,310.294382731145,35.05138759446613,35.56089406674079,70.84020243716184,76.05611258113763,428.3620219555602,20.49215998012119,0
-36.43520030214292,-140.14968747235756,774.5294851454842,485.24862919733096,0.9756291730079347,27.408894387704212,32.20526371804853,71.42357338098067,402.86236387447553,20.789631581539716,0
19.873459102492845,95.08932024425206,454.1881235872967,341.77027032157605,-6.665204083431245,32.03850221040994,16.024378436187558,5.5730513529871795,380.91199368558836,20.33001810181493,0
44.29891958530183,69.50846075675884,1296.914053228951,470.1513748378738,9.13275143736478,31.91766269173017,34.33848503153754,91.35601600263958,392.2340257938091,20.509688231467184,0
39.93829949557684,-132.23747981485218,2701.5637615770243,252.3471566508921,25.893999173755482,56.10091699946619,21.920610640193804,90.96879223633778,451.8791499716602,20.97994834112837,1
52.768962817206216,-14.938102324010117,1582.9959710198516,312.57658333690097,36.37470162934334,28.320927794763232,4.644377322404125,69.08727508640807,393.1715747826432,21.75790478892662,0
-0.9367417054789655,82.8363881129091,204.05447432606482,381.0426421600195,15.483997903898285,50.62930367304707,43.364011785269405,87.63404354461787,428.7612931568543,20.545764816142135,1
-46.35949939850768,59.859400960688646,1784.5263481607576,426.3324260549751,-0.5785604010377519,23.888075953677415,8.280491297459157,41.57439041030104,389.28107193840685,20.877226412519047,0
29.207240368206115,-80.21955505300883,1524.586931564292,313.6579545729837,8.42248151481617,24.94525544152048,51.24299002373548,86.28555870276843,423.05457640886414,21.37377502111403,0
30.972481920161385,54.986400584339606,183.50753139185926,479.8117828331935,15.189473780758437,31.682963251910316,69.37476666405632,73.11183343237276,396.5721761946736,20.97743809827298,0
1.702922720343949,-100.25895724523753,748.6661886737643,140.19871841301634,19.256475261493094,37.92446468420846,6.298604203848579,99.20039840650558,400.4174134919652,21.035694006920096,0
78.31156336960086,20.484628797403445,1271.3799639483204,159.8671885963937,31.70988107224807,76.98381117202948,47.45277509022652,62.77855235797768,394.1503984827923,21.194874075426494,1
46.792484392466974,25.58278977509272,1141.3630548118902,77.9699032931052,26.831044480189597,108.57110275549098,44.3020907464561,73.30990008107473,429.99407915736384,21.220004956464386,1
-29.006626594333,172.07091311966383,2807.885345374734,440.98001787206255,-0.419835937318469,40.669147179898324,4.65314861311078,19.26285312898588,416.34696965862776,20.645772319088653,0
-14.261028785419086,147.84820122261488,958.4398662044174,117.3398553111882,46.45156184203442,90.21283659177692,53.88579867951666,41.71844254425305,459.14013701995776,21.124256974422817,1
-88.40082773657937,-97.94492778201426,1568.5260135192664,205.45079796320803,14.97852147199003,35.1234284063526,73.78358306778013,80.90231771493707,412.26575696158864,20.814499548666507,0
-75.81979761456812,62.53567498395253,1016.5143402061489,270.4312685764559,6.703981185786058,64.70247355305236,47.711399679084565,78.76511915030832,476.40739376664163,20.463411612736856,1
38.72505344311429,138.39074665646694,1965.729430415647,269.0907895338834,20.57159407446339,33.18975736287543,76.63574900331513,20.761711914602067,441.1270458901434,21.282591157122578,0
-11.166547296415416,1.7450755826573072,2719.9978523650575,497.10879043029195,10.122587278257187,33.76043557778596,91.56581539565093,78.1790174633416,416.904674645305,21.286702696363946,1
87.65396122879227,27.57984107259955,1273.9457486957012,447.43055198957006,-3.7152521452041114,38.49682942479018,1.1481693556536166,73.7373426889002,420.12606945430787,21.12594831050735,0
-19.538213044634077,142.74134143043142,1928.5731821678987,132.17578873063798,26.746258807448676,30.770727674896577,21.823480127489304,55.80636170916507,412.3687075656939,21.077570730906544,0
9.777899344166826,-84.91965150901783,224.35396977323174,143.32720408762953,14.985115150126322,33.13692865113811,9.673193407543712,28.07120434822824,448.4765341830513,20.888574620483904,0
-68.29906178840616,76.61412097703857,1952.6950290844875,496.2408947244989,20.16376632424361,28.762959378564158,49.87144241784067,66.5733101624696,419.93346950734673,21.472551777719715,0
-73.80860914717196,147.14898342047064,890.1903594794933,248.47704669472373,20.516520545253755,30.414536413000445,51.70569503102409,25.700029572342366,428.7216047344654,20.439132844974043,0
-64.68615904082904,165.20666186390815,717.6797096375976,347.10976878625183,26.32002665244675,31.69515525231949,46.11660549305275,65.68061078533202,432.4497051081338,21.25437895327896,0
5.289817621404552,69.90296265305713,2578.865409574629,163.43102095809903,24.57653517672122,84.61744584084119,19.583235215550175,91.06674894042276,411.6788355950684,20.882729359810504,1
78.95088259998008,-1.2358289251627355,1292.1385671645755,275.93458810735694,36.34747869902684,34.79717147323909,78.65593920162468,85.76536740868002,425.40798879960306,21.524879261214856,0
-11.530072084490612,52.02090045488063,2198.937323102394,236.29166273652547,10.792394696498118,22.79354123079848,51.208486957721576,59.82830830092419,425.2141608916628,21.481533239860095,0
-57.759999630892274,141.30410711420262,1657.7540304332495,356.896966067214,4.1714965062062,32.128521493460426,73.78663961465939,35.1393566478313,406.05594522295115,21.449406405562044,0
12.571299142828167,41.54754033347413,2074.673796815366,410.35209035995365,12.39364028658737,42.37895912365974,62.84761030820923,87.22822709723309,401.6780280826721,21.09820645811814,1
42.93464900074875,-6.155672567309239,947.30356935976,117.30948148001431,10.802813230098682,33.0328677834497,8.145603516401811,87.75398271557326,404.8972582929726,21.49213410282606,0
-87.83995370044323,-67.88328530588882,1.063394127262196,375.7280938771783,10.993896213827295,23.72854441497423,99.17084443147913,30.905994920278545,426.5688404964787,20.949679395532296,0
-10.872531374735772,138.30779839022864,2273.949448788718,140.80595082475844,-4.593098073430024,92.36516380257147,47.43447401332232,12.195514424519615,435.1845057924542,21.12187776949613,1
-67.49576280008407,-3.7951593894685516,355.8127282644692,203.05796323790776,19.61762345782132,31.560429461865244,59.33918761423629,7.930082428249607,420.33323030682226,21.3973385575011,0
-58.57576986451486,-1.7673812694542619,63.762399539513126,188.41396597032832,20.172149665132114,30.20729510528848,70.48545252451538,84.6572858573557,440.62643419014046,20.78249169624361,0
28.947160818832714,5.527724198864519,1671.426014552361,308.56326294177177,35.81323005388664,44.77872933739476,35.85226621269329,18.324572168499508,420.899713573764,20.834658750104136,1
-28.401786784885232,-165.4589082685966,2325.9558559713546,473.87516372560395,4.7935170782736165,32.296341583117474,34.09917281943004,85.49280749361796,404.28172286461825,21.006993080581907,0
10.910957415058746,-47.77729473854836,680.561775693352,382.2973701306695,13.134434418314227,26.632613343058225,88.36391062851644,43.466441844837874,425.0557103305365,21.31585655365393,0
-86.65229983757541,170.5964118444503,550.5670933674475,230.5463919807072,26.478719165337594,30.334692852251813,12.211349268977711,64.85372232590282,441.30173774670897,20.820801178635925,0
-84.51630761401894,135.9125003649616,182.00909806165532,47.76397376417073,48.746542538164476,74.94786495276287,52.61710215402907,18.232545079977104,435.87626555144277,20.744109562045733,1
-20.88359308315856,-43.37747997060555,876.1401552804309,333.5318540131075,20.536587964468065,49.005515802468615,6.176314574311903,18.705699175539834,422.0950511079411,20.738688685096573,1
60.32798381622507,-168.41337466799934,1334.9383867690008,416.37896520622536,17.35553948431639,33.036713631792594,88.72012533700371,94.3557026917064,410.86940316361313,21.513296050618933,0
10.475807711539915,89.3815479112506,618.9398129193168,219.60329236344487,27.393478186704847,34.603870153519914,26.98487778753975,33.5482211667629,399.5287460067881,21.429734096954082,0
-51.964141706712844,14.687462165526853,2518.036983349129,76.36259054674365,19.52033991342552,89.38992307358197,89.76058619979348,16.743021572539018,445.5235479636133,21.65783300965646,1
-54.219307083874234,143.0928259086673,698.8728283162324,408.9622133350305,15.070038246983437,26.559943434758416,64.82851665083143,44.64163560382127,388.42668819598794,21.21670936211868,0
43.917316611147385,147.70612202094867,270.1267769304239,231.71810004529723,23.524205269031363,28.85282245341793,66.26412166024255,58.11232747586824,402.2427846630886,20.636065408507058,0
-44.36619338706498,-31.165448574614516,1466.3820680342224,266.58671412028156,32.30812720209417,31.80794183323809,6.1307120585816,79.74262856483011,429.7987929575054,21.41100907099698,0
-2.9435198160419844,41.07094775981719,565.1659307818351,132.10968725773034,31.212200807302523,63.112578022556505,46.58693756917655,65.50111100270261,431.4794814808009,21.336793324428903,1
-28.791851874705962,67.16704119274672,611.4541921444566,333.63414282983183,15.558125618521995,66.52602826711437,21.56173149902304,18.896498061792943,412.2883750965156,21.42716469500687,1
-56.85867371572917,140.37154762087226,732.4257218392671,284.4749036074975,23.769596016395372,37.83682684394515,57.12646868469964,33.44728540526215,399.70010275881623,20.370673889167055,0
25.847168648327568,-87.71824336486662,534.6272801502752,347.4714047190484,29.964537567344166,29.500041836206275,24.213674405006515,1.164579253532494,437.27842135377426,19.621937517625348,0
-44.114146777159796,-70.26292468446219,2896.7406476283727,329.87114841838587,20.206119016014053,32.9597994623896,39.0775503269066,57.89760634921793,463.79798149154834,21.74252085068949,0
-74.81497907287614,126.49563026909163,1157.1741021565183,353.1495108916893,21.918449622257192,23.462211490663073,74.46092302187152,32.158998253168456,414.650243596602,19.993346203972855,0
-9.382225445436319,-133.05278102596944,630.5765288259186,76.5770573172947,7.087266025585873,26.63200058456971,10.42304696861125,17.9139321405162,386.2911841258794,21.117689404511815,0
86.20364386952295,100.12661998296261,1665.1605303685506,152.7692411448511,24.313468013409228,25.236546131657665,73.2181972379138,32.280668575350326,446.57555101314716,21.5376923310139,0
23.5397501690166,-149.90551410868815,1760.308551560079,457.3888882318696,22.493103525834016,25.05591427111763,59.04756964943593,15.648872841966776,394.82676595805634,20.269919906987926,0
-40.34027099499503,9.786293351970471,1267.6978753089102,384.6007133761839,40.90983618487759,33.2392803965326,82.98177790424593,38.642721068268195,376.6293530765213,22.4008910084604,0
56.881189462532035,-97.69696720627346,2864.2426982676766,20.419920907911568,11.1848793140554,32.902189410122354,6.224819625799583,68.85318299493305,441.1424111969007,20.776297267596416,0
55.44959901432625,37.50310199033501,624.9247985955994,126.22225799841638,36.68820013374435,64.45550062637827,5.231793269756069,56.45730984855526,425.930293557311,21.159818037715358,1
-28.316190981579304,4.889037517332525,2357.674933348649,70.71548481133999,6.171745973246919,25.994423539085446,0.6278691037788886,32.63209163967578,398.10745131652993,21.701629545644536,0
-37.15647250326427,-123.55094947129884,668.1670653623293,255.07404402897646,35.71548033666069,47.83486277060595,86.79460157428812,16.090379957685485,447.92573118182315,21.31440348707854,1
-83.29126577298203,-78.53971488699649,1279.2774683131438,166.16600351415067,30.550034266394498,84.96968882390175,87.77601578101564,0.9268399334584787,423.6948968814498,19.65883285252744,1
-11.118885922040064,-55.95360905701244,1809.7012815522041,11.881011261628348,56.10703604002972,97.79943620570363,11.566394519822154,80.25380294372586,447.58823250695497,20.41258263875887,1
-67.7135537889895,-168.6733347207986,1651.6874219523295,392.47277119570515,28.57001302364744,30.694185847043652,30.6656784705337,7.817300218977518,430.5450925368648,21.710603576435126,0
-23.054173058330292,172.8611060426735,2694.079398716695,389.8663808742509,15.329842296498075,57.08320189609835,88.72084010733727,70.45008073827724,422.62895636983995,20.215937798245548,1
42.89448505393588,154.06654179579039,1916.6638265608087,367.4540392144465,28.486730164906817,51.966793091995584,26.56766170643695,74.96080140982258,405.36340817432347,21.052852419397432,1
-23.640664786649168,52.86596587122864,1328.8520361560522,159.39010746387433,11.697494218084618,23.623977704558623,19.353219964844182,24.916656585103482,431.45925532208867,21.39876934723965,0
-41.609980915725735,-69.62894679330351,890.8499300227558,356.5027372649459,54.59803518099567,27.038081847320562,58.876869704376034,31.150968054076845,387.5323744030689,20.43252005442799,0
-44.90059155531282,-64.67613094888998,0.7205910736560739,384.378817072157,15.948182973016795,47.92467338258223,45.179332997913036,61.11620819523377,426.8819438496714,20.97707967433563,1
5.992787934315501,-105.87945384597332,1297.8146451451582,10.634590148465007,52.25301840120197,80.28385368007261,27.73331629888035,38.94000171093227,401.9334468107012,20.66780309618856,1
0.045228630434962724,-158.50953792338544,2139.719871775186,397.0007187987661,-5.136368240046373,30.743486706157523,6.3168191956674,73.10441158697145,380.643451561479,21.236125467424223,0
60.74516347411725,-108.34924766385613,1779.51610602865,326.1529411394862,38.58432363031089,37.127902452481806,18.574102841822626,46.25754840796781,441.13557993536875,21.174693414254154,0
37.58980933552759,-90.44411118247578,559.5425620752026,21.928937463249795,27.579503621381257,36.07216169584944,92.8375587191072,13.370784684854742,387.8208526426196,21.045367534982454,0
-56.384698284881694,-161.0549107065944,523.2815902186962,486.0257757035553,20.239629341106852,48.17773848650624,59.82862188370095,40.576754906147016,452.55921011902916,21.26075536382164,1
-63.045809379496696,70.01120215992023,1838.6191780997424,43.93853784152932,21.839767090182242,30.287114946970025,96.82582096773267,84.31910877699981,388.06086601274376,20.371099907041707,0
-48.72333812437241,-105.82312598148266,1426.7045264777917,26.50912774044987,25.635878142389185,30.26384774809107,99.60133233586056,34.48879756470392,395.72730619291326,20.502321226432517,0
-4.520585284067906,86.7074895676941,1209.0971642921395,161.0759492623773,25.185562101343546,29.502121059867886,54.182366261246095,70.2251953943454,383.79364083990293,21.07590390403999,0
-25.73710129357697,161.45490613887102,1088.1933405268828,293.1188392297681,32.94403644784326,47.822469220078645,74.9277250166611,31.0271401082,419.09141150013886,21.27170876450683,1
75.04883578398184,178.03879238235066,2538.2839601861792,141.39303344084803,1.5317706919315395,31.27986766686514,28.159114032526457,90.66715102310835,436.77329985260474,21.691789286000567,0
-9.408892495491457,-84.52031634015566,421.9292643336052,127.624796029106,38.67949992042672,38.04187059928506,75.3284232277108,72.77776634839618,443.4682405834811,21.892114652209656,0
-34.0883063799149,47.01121617014286,549.4323296856277,304.5402743410309,15.339231299411857,48.1494010690826,24.069179674808993,11.24767621497983,415.8076394640704,20.763768177842877,1
-77.31761876522512,-104.46656698645096,2381.5585810041357,397.8993060642318,3.2056933621550616,32.79991848500266,5.159183769431985,64.79610856089847,455.5892634762245,21.225457981922627,0
65.2719931940436,-118.58830504144858,1712.9935063095631,41.32405375969584,14.660477718040289,35.49395399912359,84.62265589473301,55.44010003318481,412.12161253127624,20.485871640629828,0
-23.60531772785285,129.19728664132322,538.5722821327489,300.4651192139657,5.528895515722745,37.613633979072176,68.4715385944408,89.31320697271335,402.38145631552624,21.300455047084377,0
-30.176150784147993,155.94081786356105,2474.593091462455,67.75567525785571,19.863313653338555,31.732289762282264,58.131392099949345,43.73124814816071,425.49817857782904,20.617935182238078,0
76.55725005074692,73.98693528701784,2309.854892357752,410.14632825466816,6.237907854222355,30.37016427203221,64.20975658417929,69.99637430677056,406.8172113357578,21.73960833459826,0
27.494495671797253,165.83872666504914,312.23640409645924,385.1347674217512,40.34655923972222,24.49524816825901,91.40441358794608,43.37145389339102,448.0253044720904,21.507113120359996,0
-54.2902361711522,133.1849200212447,340.58354933615766,491.3283411255934,11.344256746194729,28.954490039040852,7.7021706963060765,44.18622013588639,405.3713955959572,21.24228712860533,0
-69.7806715647483,-144.58850552555833,2707.3491548554684,200.64530252838208,11.817991451745886,27.873572386664353,54.20041092750881,47.34683055995357,419.60566834458984,20.615862653347467,0
-61.951845683627724,116.63163517570626,148.61328056203638,365.08411245072523,8.364975852480542,24.866213341123622,39.560602158507486,61.00457534191824,383.0221699712264,21.202777587124093,0
49.80718506432942,-89.00761975946224,258.84932855777265,44.92517960612296,26.394708079162577,27.079389664002264,5.095748943348754,57.005904780284666,416.3443336588758,20.54818919353733,0
-25.494868610318704,130.74869662594944,1679.8946313312067,477.30943434765135,6.960692735367857,23.766533703455877,46.88238691742666,31.591838945544204,436.7091332345372,21.183716473921283,0
46.31855433789394,89.47077985066016,1466.8126508793619,263.051881720614,23.54713846142286,31.844059064707224,62.60189163190687,31.447673056985426,416.6603749672311,21.19770925464454,0
-71.6551788131803,72.74752694093891,587.0356030983968,321.92663951821345,47.57465699432689,20.704582067310334,71.977857736459,53.39169178928783,437.4677080095009,20.68690864369698,0
-63.386135251485996,3.2432395052065317,2910.43182775051,94.2294285412079,32.87976318193051,79.40826653009982,58.62885225843327,61.28851556148044,410.94875392546646,20.618084338532615,1
-44.057388708126346,-33.40123499004926,2140.886331258683,183.40861808921582,13.83431072148679,27.941083008715747,19.40545684894569,36.98502407878773,441.73906334266616,20.71060382110835,0
-42.935899038085296,105.12895041119123,500.137494552918,389.3210188353115,30.718706403930536,35.9777144655348,53.67576030809208,35.76860416674946,404.2033973741129,20.441737340784517,0
-40.0631928254452,109.36205127734002,229.20302917991563,303.6887096983476,34.290457511670986,46.40054222918501,49.70217568159614,58.17214940918536,420.56437508308045,21.26630901608826,1
53.233780823933586,61.16389171459346,377.0621243426849,262.1790895515825,-0.07464056895562443,39.02102077633287,50.87273864603829,24.680662628204374,404.1142845953611,20.57524177493194,0
-60.98645367218439,-35.255850391749675,1952.6420710150608,247.7576586264092,11.039921135257824,32.62682428442312,50.76332087379042,15.283497918996547,422.43373375910403,22.188960492066073,0
-1.1344273389615722,-25.822603428878352,675.4929908592021,122.33584591404416,34.926929068856865,25.4976698953888,52.07428617984965,75.88680015489255,436.7231233209779,20.161319494156036,0
-15.36632114838639,-97.60956477097184,2378.5161967410513,413.83311052621855,28.987031169602687,48.73111865613734,59.91065673214173,57.840799515835506,396.4414096839115,21.385826311796777,1
38.02434955546045,114.45058292073571,1134.5941725900566,162.70256436728945,21.57917109476483,79.95975606270515,77.38168314257149,90.86771158186157,416.0804379623929,20.09357371897457,1
33.49787176756975,31.63312086264338,2668.1528059042485,346.6766913138966,9.97761778907611,30.13514858798208,75.45029591089192,64.96915441003382,403.11334630300564,20.628332821993112,0
61.36636061177725,-95.9389417152416,1207.438722395614,239.806872115006,30.426298595729108,50.302079575784276,72.91748890902832,76.56827455562927,380.7879902360832,21.085673167576804,1
65.41765765085344,-17.976609250974462,1319.4704145556789,89.1156677042461,10.838317075546488,29.372397986909334,26.713981048578127,21.357962972025035,395.956961563224,21.148347735194506,0
76.65855591576494,-3.8545983997233577,1000.4553777839659,369.9977428105339,20.020685350631986,29.220739271851066,35.58643370078859,72.59523730913078,405.23129882249333,20.826057792815362,0
1.2759084661752524,-158.09116160649347,2259.0896292853186,231.77958031134068,13.060321140370753,26.917066850866576,44.81600991155017,34.57878665909694,393.8475644878317,20.63204449597135,0
65.4253968453832,-79.34509772446295,1268.4028728828005,182.8986772234407,10.565021397630357,27.25387833106602,71.91958853191895,60.67654521091438,393.7472706547034,20.300343859129793,0
-24.739548373118552,154.03327481427175,1536.2441010723899,359.857772687278,-1.0399002018647252,23.87012935656491,17.041250580579813,42.92174239904729,438.50298196418964,22.68230724567936,0
-47.03396725928724,-178.8986526946288,1933.409243564101,479.7994876326576,31.75345277247742,29.755328824089165,90.27507819039829,1.3156655282854257,386.935272251436,20.94425138929942,0
-44.967518756485674,174.2412879234201,2822.377892631368,210.86082362565887,9.929220605812262,32.209086184871246,51.76193288341554,78.62591566713726,429.1281366081769,21.777248062283665,0
-74.10479865580045,-80.63476510764934,1381.2139166037944,424.78761111071856,21.9269224511128,41.55227848545217,93.67928674528,46.68586924244883,392.09416954703215,21.32058892243589,0
88.86810726043439,32.34724489504384,2097.0082179005594,384.4290849531494,32.594360470075785,47.75199977268194,44.71622997574247,3.5677117140802794,444.6273810975739,21.30863947051531,1
-74.99944702043526,-121.92403153715068,2380.2724156684217,307.54877328764655,9.44654424122093,53.567024860587594,50.19981110796719,98.20918516562637,441.37795278790094,20.461908355857283,1
75.83909215958786,-89.44247582736526,2333.1186798669296,365.06022655541364,28.28952735634032,28.66002729066787,2.2111708176574485,12.057187086876919,383.5785636773731,20.845144610570074,0
-69.00429894108872,-104.87021298357263,12.416133489155934,457.5845095184783,7.716751225137695,33.686229313954264,14.274202517884094,94.8792515146054,420.88655099042626,20.388151826326915,0
13.587980371945392,-111.1894883518627,1769.1411933782465,361.0877287007152,17.491979927239697,50.2313719992537,80.16021987522424,84.35469820146739,436.062966754447,21.361444593103606,1
-41.828830049841926,130.49224004051854,734.2530239183292,153.03699702532722,31.49616366272143,25.830250354998206,86.79190754365418,96.78082396852847,426.5268930941678,20.98503442621391,0
58.07350919260492,133.22248363589904,2699.283652627938,425.9912921449899,2.6461961140268784,38.16273007326318,31.84924128582122,76.99950767359172,422.5748265824988,20.71730405423614,0
-84.95509609520707,21.799696446170657,2903.5482664546985,304.8366977727473,14.054866119121083,30.828854664270455,1.6434376893506242,12.406067695450052,425.3867586698897,21.479881201964762,0
0.5579818537914889,60.981442178389926,1301.5724194347645,435.3130449585508,23.776217186156458,49.40391273038503,67.34104896171402,59.85694130703055,396.5767775136983,20.79600511606473,1
38.93957230593469,-85.74136411532865,397.99347913735863,331.42162637082237,3.3306109949831875,35.86154676362319,26.252945933139937,36.108454877799744,418.0251390869836,19.876306966541158,0
43.68912249881379,170.57326447217162,2371.2591640186806,406.2188975318352,21.11213049990743,33.21363838113584,27.09984564909703,7.537610037983866,404.66947368246196,21.14027098179721,0
22.931751001588523,127.73718065525247,2157.82781901966,498.8853745320791,16.64340837181921,31.27983700440652,53.93285841867858,20.201430414437972,409.64630160927015,21.127508985075963,0
-63.71670611955098,11.985059443595105,2979.866472232659,218.92053059420147,47.55193308996325,55.21413285878301,61.440232617098445,67.59090821901636,443.87437596369534,21.145486321036383,1
-52.56735021715725,-122.92776893603929,2428.5023140595645,435.36966337227824,3.035131925940737,52.53876788879121,68.7245813305325,52.07226068659653,422.26218670135046,21.68312282798719,1
-20.565568792354796,-120.24914752964031,1331.3957714452874,300.27446044333936,29.795988350979098,52.481364602724355,17.08713415760328,57.10597537818334,427.338948635063,20.611058488162655,1
-31.6910748621711,40.74535264507975,680.3573260143176,66.37918648520316,37.54654794891384,115.88774808749594,38.368283795753996,56.73405158552776,438.4207245426001,21.664524083787672,1
69.71287274085464,-66.09715352054631,89.91279909965122,397.4926611496216,13.906535538179755,32.3267485411386,29.461585610207653,40.2167269920509,412.9015423332287,20.528040029137184,0
-38.28472628711216,65.58927975101554,2764.091683943838,443.68225911382837,2.4195872746841456,25.250822189923714,34.57867186972627,72.4019319695649,416.00314437030727,21.267823668113763,0
3.1510242751333095,-106.12550015087884,1677.191635024813,322.83120832333924,16.754706951075764,29.76993657331809,20.896553231711778,71.79553900299041,407.6492270178446,20.877386632875353,0
-83.75747600490732,-158.8061395590622,2771.1733069243505,439.88858664289745,6.14711804339791,26.27749950532754,4.364431366720167,58.89504875847348,429.8517307771708,21.006081378569448,0
8.954751361388716,91.2295091081258,2427.4277185145443,75.03362914265249,11.655310906262907,38.4997747903449,14.446743560215648,62.87251370421523,397.00961342664556,20.53338268477821,0
36.536632398726155,4.043194963184078,2258.547627091064,235.9972839864088,16.96851845233494,34.13450503898629,83.66960952823075,73.38998511538526,426.0733998284144,21.83577747109051,0
61.39733810630224,150.40893121330754,2477.9821171984595,56.12978933690869,-0.9145673827354468,27.747848765377086,49.19764789862998,7.021828261062158,413.7609989065488,20.917142088904303,0
79.44325371647136,-165.53306175864793,776.7414146663871,87.77125532215099,9.924070485713312,28.469266534377965,85.92313916784755,89.47784398319482,423.4868961812363,21.131880948102726,0
72.31412821695281,-3.715743723625252,2960.5857084798777,37.295931856624705,14.70555790512119,31.39755073398164,46.93327931118235,42.9590482304563,429.259618647224,20.626854421326605,0
57.31724189540503,-16.3899439923961,1962.882826336789,81.49714862746576,13.788311510603133,117.20230136036365,86.50758379839438,94.92138483953546,408.0022261237101,20.675215876400664,1
-21.726149495491654,155.88301489774005,1416.421138319945,274.7402998626766,14.773613766909607,27.14454402831268,48.49162809142945,2.750201542085262,402.3397304492938,20.802154356214757,0
21.7098332520859,179.0374818299257,2324.439547644803,389.241076150461,29.031071565830594,41.1349335676056,47.261991920781234,91.0280271254543,431.9590288463058,20.15642844252426,0
5.872650669955036,-1.4087665376019913,2775.3338047915117,301.6264070024826,8.588401208581832,25.52504955905369,65.00021384741956,70.13020304048541,424.31100356320013,21.785733425670095,0
-82.81975268303852,-83.25351470474999,1870.8106354887268,211.98028927444867,7.2182586075218635,21.23862632315391,26.210318759196195,69.4768894657594,440.8539417010053,21.171179003643715,0
33.65441165830326,170.15484195231795,679.3158299753546,213.5455781801004,14.133832368911225,46.71098516981965,37.509311017921874,51.501019255477345,412.96551857767594,21.649605127834214,1
81.90408316495464,12.210769065014318,835.9071583798384,226.10103793288306,23.832809306347084,32.697774343968504,41.266202684315765,75.23293972181023,412.2603506639672,21.751515542395023,0
66.70809728830952,169.98831432995235,1701.864400087368,293.693997728821,17.094830953211975,65.3827712124506,87.723296801908,7.607360844426736,436.8557818391339,20.378118254360785,1
-31.88628493369262,106.6570933105404,1403.8788698652127,408.010975395087,32.0541284252138,29.930503525092146,9.878708745156938,55.97571871776322,390.43312839510764,19.90611725133274,0
-70.76808905651077,-85.76968223380862,948.4469512531784,12.359713616220905,54.62793291034485,85.84680111438412,36.2775309333759,22.002233886459944,442.3667057827711,20.66202577215632,1
-37.74473526272055,-32.922188523033526,596.1359700541722,218.64140452078377,17.866975001321645,29.725834259962678,7.312227293080653,27.649867989968023,440.81907594230614,20.166821648012743,0
-28.537639316269228,31.040789378763066,1076.7781229753477,116.91325997691919,10.101674182169814,36.52849979797605,96.244532776802,55.99416777408172,420.13400800723605,21.01194185174553,0
-7.160020013006829,-2.2094851610049204,1757.1716438383771,276.8245314081737,19.384405680375657,37.11881220398783,55.79854594902818,28.937642378025185,420.7287262017525,21.270604592559643,0
-13.446701998224285,175.14049554592356,419.0877468842654,334.9589503054145,36.616590452344695,54.58959331468496,45.71884853684551,0.4061116305459578,425.68758932196675,21.094564062853003,1
-34.96846349956761,-18.06523206169345,551.7495053663818,407.4250769492034,24.757251002636757,18.14486670526202,20.933243593175188,97.03781067812245,443.3962117658229,20.84111002328877,0
83.32200083992805,118.92626425605067,1335.5046272733682,364.50981835299075,28.170772047359193,39.12710165551835,61.19985012915027,64.02095852318864,409.6966385571822,20.898232735725294,1
17.69798068699187,-113.51889676515037,406.0969360841882,490.1480094532197,13.787084904409152,40.61636810475679,71.47523725268871,89.6135082715702,462.65093133478206,20.9862941300148,1
67.42836384343272,-98.42873621171485,816.9475405016426,295.5775345557036,9.672803696597805,25.569754192909613,60.4092654502047,12.810813050209491,413.32194078183926,20.661526268017553,0
-4.8215367036305,-172.10374951735696,1689.1282112397082,383.85624328720576,8.63911049192578,22.904322388544188,32.17446707607133,46.027364642123935,421.4941141435111,21.634469230640153,0
81.06064478933274,176.76613711464796,163.60795982281385,40.795181565363784,19.047703886415366,32.88024321857118,40.951747628155246,14.988347508463274,392.37244382752885,20.61422116792669,0
-54.529161668361034,-51.79576757949934,1490.0730556700335,174.65507624898066,15.037577596784379,29.211555155372483,4.0093859363507285,43.30259924205164,408.84284411758824,20.976739970669758,0
54.94334199787227,-125.51779617268541,809.8551770995665,235.90582024240612,23.17950851629874,37.231787120627644,72.22064539799916,20.81147825586813,427.34203423217275,19.7982763449054,0
43.999633828291195,139.9334025465442,1511.2599139910026,331.41639005065906,29.470820743592714,19.424247559106576,51.8801377397575,78.36294579048838,424.0206619192479,20.93220816963805,0
33.48198237460046,-101.55167105179011,1838.266628716067,339.09327215171817,18.426141813097068,49.63340120911947,31.108528638996912,32.96140520462198,420.50293010144,20.002263847734724,1
-51.334961802412245,-147.32274229378092,1874.726139501657,480.0294592020246,4.506525650111389,30.693863933531322,6.8946990942215685,71.30664353475917,370.95355543571145,21.318831975256614,0
49.34822693695958,-33.037608204353035,2839.0676918276445,409.88690353658734,22.838663741845934,29.15601276397288,48.29930631433545,84.66881412847901,422.69588703728454,21.06895799504025,0
73.84776281419278,25.51870578265104,2940.3789311943215,226.31042384739078,54.00078946532473,30.031513601283095,91.80855772076501,76.83068925321727,413.4168354602185,20.433304246917466,0
-69.67787272329079,-32.33954563244703,2704.3545426497667,441.0696455048246,24.31590227633491,23.635307398240847,94.02327511542849,88.89482225164394,389.2191384996402,21.324067706945115,0
-20.937746270184718,159.74544078375624,927.402312581117,493.43490924244827,26.901645429965946,40.12595466991941,57.75258859144764,37.29604041484755,411.8675908155285,21.214754444169596,1
38.459468801044295,-66.47242289010528,2453.823720023899,26.05977908397841,13.972044251028946,33.80614364870263,90.85951111828861,80.71554872252685,398.65676266805974,21.71057970367742,0
-37.20420448779764,6.723442671168442,2839.3552751064417,117.5075506618358,13.558544474804734,22.52549829264636,46.682345303902586,86.8254921253605,423.9541136531533,20.465304781645962,0
46.257683395312625,64.46618017371182,2010.9292982900115,289.5085937030866,31.003852655986716,39.94491180387645,29.629893464924805,83.67608146548073,460.17256327050245,20.62097248924186,1
76.37948890665783,108.55795483960094,2152.447591180624,213.85702107710975,11.93245311360373,70.53605639661062,56.53089598200604,70.80878647048235,405.6752846138943,20.20353882654441,1
80.70845926858217,14.069983641463722,1945.120931079356,428.96392853729003,-2.4986176321158027,26.581868370977205,5.196393432913792,1.0971483747771016,436.8328286220993,20.726764174040074,0
53.251579941549494,135.8897687510813,1668.6524172940967,78.37101245128338,31.13482752534211,88.38558227450957,80.64798571725657,94.22522229978611,431.2493344509673,20.66129878345545,1
-83.89634535925225,93.95455964393528,941.2193626924696,400.0480182431998,36.2235059755769,19.33297810737468,25.220858332386875,88.10424644703795,410.5308122463046,20.574303440225304,0
-53.96911612934635,67.51665228994148,2136.3997562494937,30.30489533522241,49.06412654015134,85.98878147605001,70.61247601237969,92.91651595296992,456.544857926248,20.946953315621613,1
3.988862467958654,-139.05801167094006,2197.928387606281,303.943689931277,8.160497830180104,19.972623264866815,40.79109310728413,60.123728919291366,386.84487469209614,21.313581321587904,0
-67.4645288885695,-62.1561258800388,2691.9198463292555,35.80660651312007,10.968374272848378,33.14068477552243,32.642985212960355,23.467920197029855,392.8004616500211,20.580035425450685,0
79.01233017426438,-154.66537291356323,1548.997259087383,304.4508837475654,22.195138262752486,40.534966931744805,91.14269990957031,90.13072031440052,420.72321153775493,21.25222003439455,1
-65.0545556458849,-146.94516199740616,2615.5540525046817,319.4546939974185,-6.566197257636887,29.825619935562376,93.01097786418143,0.5753332462498761,388.10819716872714,21.148733352758036,0
-71.31820673478177,0.5704758518775463,2209.000282446456,308.46451059104305,13.38559008736149,32.59510004380536,70.78142122170593,80.19334126310797,448.46084185348553,20.725565790454315,0
88.50785682217301,157.99465933409942,1784.1305650971003,127.92099594176136,33.44532419283266,32.670500096254386,43.36466695810922,43.74310009171894,451.44873836640994,20.521982907976476,0
-31.61289456300571,-76.69058008054421,499.6301278807718,67.88715719416265,20.52482977608039,34.88559001257123,92.67195069918303,94.20963545130566,433.1396643129315,20.680259652704823,0
27.835830643441568,-80.4042462524428,768.9744291387021,224.286739876675,23.46617921924523,49.87000668789476,23.398609313345077,6.038285564061785,384.07871115034993,22.03700986358749,1
66.39166004043233,-29.105932190619285,2251.3410970013188,112.56377596775226,14.651176401706197,31.57038771749391,93.72756373875688,76.24708700619209,436.4442839198581,21.094415505560185,0
-20.248461961401546,103.26290362954506,1692.460536578292,491.57496079180373,26.301479789886024,41.985246515050434,24.325054458927266,60.26412828151092,418.63476060280124,21.87823036715215,1
15.969451013545807,135.45874587191122,2610.1766197852025,72.82388003348399,42.04558923968547,33.63088695432716,57.973366759384746,84.42946304239149,424.4370024115153,20.697186274391964,0
45.828004502634485,-78.80014476356746,317.89486796660304,159.90392335622442,18.761173057794128,31.736803096337454,33.36575133287195,47.30237352005508,425.2510552220367,20.628369219918504,0
-72.42416089586212,-36.070695310123256,2827.3636785812096,11.309267378861714,60.859746353374476,108.38040584740436,69.57623856426925,78.31333865454172,436.4343968687699,21.126009445600662,1
53.83443971955123,-54.19436355016205,527.1050629384381,457.634465936307,16.762555388009794,57.2450654017952,86.41755436078378,5.655175664173173,431.6455099572272,21.527222614266858,1
31.903418082817737,111.20261630067296,864.6757773304815,234.08071230505521,4.920056464996993,29.806181943053492,5.287595676834966,67.9958878490638,389.26746754642005,21.177283722121775,0
8.99797773847078,165.6068579993257,2432.096440842019,25.394753067996934,43.330264703472665,86.36210744879948,68.23423110892467,86.99321466961835,460.2262932549765,20.846968522474654,1
-52.67871698711034,44.61485794693331,2101.591958871847,109.18357785042915,5.607277115215313,32.02891332873613,2.6113981410205267,41.29697385191579,386.9037430150456,21.416582911942253,0
-60.72489714516901,33.222013700988924,1783.0586175549684,455.3778320937912,10.608006150905668,29.660397231064092,88.75874572550887,6.480699829524195,406.3897930241895,20.701398027699184,0
30.08177674669996,-61.13869194389582,9.58280656370758,61.95699178568154,26.369088728800417,34.99901414985779,96.47267966986252,39.76754321668439,416.31970276589016,21.311492914746204,0
-5.474451785400859,-26.04502901388014,486.0970017976137,152.63603161309504,14.124645586590324,53.188015900584304,36.24469380534403,93.24466794510612,400.49953823197404,21.21325080983354,1
88.7689099799743,-126.85247585143514,1103.9725401495004,231.82131420486346,34.50552943151882,34.98632125745181,49.536346874083826,31.540407627579693,402.11559902544366,20.580711231058757,0
-20.488078055115665,-104.45129601289071,1145.4771403974928,79.20994535350466,31.655670165409262,104.92641930650606,76.1543642807593,75.9334525434776,422.98612882067175,21.202898756748905,1
83.49264352485031,18.263340494258642,2608.3470041827354,482.7415455651095,7.314165449279274,37.52960219901226,35.86818518854319,54.62647825468697,369.3924700422287,20.388422401247126,0
52.69181727526606,68.40088002052988,1961.908118778172,172.39544526253127,46.66052647464868,65.56940403947937,6.617789675036256,46.272256321620254,422.06931740840304,20.74983767155892,1
-52.58385850634321,17.291701714201025,1312.5340285806062,71.07868452689465,17.177512829516825,30.752597542768402,52.807233943334694,37.687970628507706,394.417849285978,20.745444897040507,0
-86.85962158892539,-1.190301221913586,2154.8579063225407,170.66069648524993,22.285666737720547,25.53135472491482,81.4858751442353,53.914046691240614,404.93386808713717,20.595559046881707,0
21.80072579741548,149.2462368279484,869.4737079360472,353.0569393331575,26.890112977935843,32.165935381599276,94.58509536366108,21.05459346458085,402.05481227264767,20.949170548091598,0
61.73783599780376,-126.49265888854718,2691.860014463721,11.672264433487884,21.07501727431198,25.18380442621003,89.40783951366564,27.807084882347855,437.6613684983843,20.412317400197356,0
-85.43901798682717,-55.458296277897986,1833.7561511231074,354.37830843821985,12.24589815992393,30.397134595261587,78.16706138171371,24.442512536636617,401.0345092757224,20.190781005908683,0
20.836286527083686,-12.84771200371489,2373.013869864658,455.26384182464244,15.943400552768665,41.781309916481504,24.222358624155817,96.67284575635007,424.3639562007374,21.000225458139404,1
48.124311745936154,-116.74687623757774,118.63414672568129,173.4094043051641,24.19081491874484,35.09109689434785,42.47701745971616,87.83187932345797,413.33620656079046,21.827122552498807,0
21.609409123715707,-90.19779288463536,1390.8500619400597,318.65033937639885,24.86519131407056,28.71689482437244,39.491387370770845,8.651262393416737,411.2696771250731,21.602692908577307,0
49.02606530592902,-16.505839024300286,1486.8281516444408,213.74433637674392,-3.2268316542774613,36.78466612667955,55.84194712422369,4.025214390402154,406.5791072713658,21.009022854407153,0
5.633776823051619,-87.25714716649645,1549.2453114067632,470.61394795727693,11.67933194401855,38.700893440273106,90.792925797293,72.09676781204124,433.54707122804604,20.707706688231045,0
83.1118723029823,51.26079108409348,1090.1948998910766,312.48029244676604,33.64909392395599,56.09627668707158,55.35643127211435,76.3001015838161,431.751835855465,20.64762956723665,1
65.98618159869486,-64.2400151438193,2010.2734396128974,443.35353121784624,9.016299761502601,30.383709921810997,79.24368769361917,90.26449560565494,421.17477953149523,20.457415713302115,0
-74.92149904446202,118.55078336319656,103.741812865361,429.12844107048454,9.20574866361056,34.59843609957353,8.875268808273928,95.49667552240109,382.37759258154256,20.760396979805424,0
68.11878947022811,-177.28247165191746,2704.2933051434547,57.86078468842419,51.597910709070774,93.97324896972765,94.61602570543445,11.836459836730196,432.06417463289824,21.105021943164743,1
35.42172733300231,74.50404924338685,550.2461391050336,415.1035710885032,25.621694784478244,49.44941452386025,71.10849324354072,84.59904384600082,418.46521691223415,20.620282955930204,1
-89.42487593174164,170.82824772126315,647.4791258252978,426.7480311663458,29.46880281228144,33.457867438279806,64.4338902018001,52.61561619007289,386.3182165999038,21.12456728673585,0
73.60039604216843,-150.06078438577612,659.4680055532743,362.82271543432165,29.08191425538869,36.67170626230595,31.286735720892757,12.994086850308072,409.1780647614218,20.956444822826626,0
51.504460541170374,7.792019081432471,50.21859023226338,356.68749231143613,22.13450918347543,33.75168137642342,60.22482513675167,19.747537655468072,436.37760863840487,20.695904067970407,0
-70.67409650895092,-23.823830147059084,2949.2376835107257,234.30780608178085,39.2376892414627,47.93241883812887,98.65232460619606,7.814281930062473,450.2050757162239,21.231984401529758,1
31.38425279306655,79.64796893748974,881.3570940144531,54.49311345918073,10.768105204502522,24.196375884088145,11.265783400514074,72.50896366867465,451.4731818680996,20.866549996035666,0
-54.51938466593292,14.046307865311405,1292.2400217046868,309.179741052115,6.910045613355912,53.35698021994092,91.71338254689987,14.539300751219763,405.16028021413047,20.969266838872727,1
19.11387184557465,11.782303983718975,2289.060896069965,188.41077936422457,10.844764497397385,25.8750030094022,30.73788599020958,86.65869140891978,408.0502934507405,20.8551884655997,0
52.574586259012705,124.39631117949273,873.7753162386425,485.88201624077703,16.712841814960175,41.04975580439079,19.42480997272048,37.52634011644741,413.35779827110673,21.66943490334114,1
-60.35856381364582,129.1978019282045,257.60775257144644,11.362451279951252,54.189004679028955,111.89072515135754,2.4025082799894903,27.600075980074468,403.4643507394552,21.306010634948226,1
53.37973729748481,17.814961024965015,2865.5915004501576,83.4525111447624,31.197839357026332,27.451312292204662,99.12265758399863,92.41107076517096,398.0719227118509,21.725139247401817,0
-79.22434476310859,99.16167519416643,150.34722442972247,221.92020647600123,8.452148145588326,37.82453353955707,82.57597600708085,79.28099989011622,399.34239547905236,20.81453618165463,0
-68.48027950127387,105.3975431059049,994.2464997659791,195.34016031886037,30.246634952821733,73.59373022087607,33.82658523619594,75.82450599218551,435.29455805603857,21.34983871213724,1
59.0763504706465,-86.9043276334655,2514.5296016909047,142.90563376829306,11.357855043645324,32.277075154295545,29.752765591827924,97.3385087631929,416.1066255364964,20.793044928951115,0
76.11649112682719,142.8820751293469,2798.730702749995,236.37958726206776,21.670147075220516,53.01184423418337,34.6078586739666,56.23361810230713,422.56786482541537,21.138464254386065,1
-13.557164238919057,112.97496267075616,2824.888942087094,334.4098876588063,28.75763975661105,33.91946725446153,21.16808657414232,43.38768332949372,398.7843090944792,21.374775904196305,0
68.66984609752046,54.259101269082976,759.2755981860352,85.0831061262015,13.248749107688498,33.61819004773146,3.012836985393208,78.79001035711205,438.78467442639044,20.587799697391937,0
-57.0847945265039,-140.18274932352847,2803.936879819192,467.8461162592899,5.126994706902098,36.18428028015687,81.2956020422682,30.912333980139405,420.0187641988178,20.387570846100704,0
80.17629526971893,-30.154143215522737,798.8235575636068,160.6291251919372,48.38004749581625,29.30304230735778,40.859562527950885,61.38857713194103,475.61992105551906,21.028151477380774,0
28.882705890649518,106.00830842059975,420.207498062023,261.47450859570233,4.218818088474745,58.36850990802377,55.46744208634797,82.88264152837226,404.4547236524105,20.89924401409048,1
-82.67192828621958,163.6994559706115,686.6027917846881,471.03057834857117,25.55137129169958,38.671564874705986,98.04835318850468,95.44515618672662,416.61895523942866,21.44278378176102,0
-37.456057015893286,-33.9233965155276,1352.1333580517442,74.63858355651487,37.71080333098682,100.79904764697173,96.60306931695465,21.517851729509218,439.9875210619608,21.16649574808223,1
42.264759116491774,-126.06616240987904,540.1870267492661,13.472618934194507,-1.2806833453860484,29.879784385822308,23.36743805644559,2.1887736100722366,405.36177257893826,20.851940380672204,0
-44.914678324252186,176.85621537426,889.9473968527175,23.57520882533189,12.784110875542716,32.884024695733785,34.450767275404225,62.751654512694124,409.9928792022554,21.02340858211965,0
71.88657601208388,127.35829986916951,197.71137961330453,226.3168887814566,14.843744649458797,34.677890934043745,37.508383530632706,96.49363984354565,394.6701298525453,20.768805576536696,0
21.20409396922564,16.2307825132865,2532.1194472681846,321.5365443225741,35.97124187873477,32.132511127641585,56.553795060987134,19.459943313946937,427.9415847447333,21.44059281454881,0
-3.8435635644256365,-163.3144621526343,425.16476959862194,16.3778167018636,9.624170770968075,28.805457645017416,52.74503836421411,12.06657994653022,429.89634627767833,21.75020509398188,0
-72.96924880578669,143.18251108781288,2619.773118977087,86.8273816092417,13.313399455138638,34.34062380393977,45.47071964119517,97.59822138057596,402.85868222791055,21.179732211092816,0
31.221133575642526,-78.06422565516985,1603.9814522658357,211.77634060292698,8.654359734637236,25.526895646892825,25.670798232175194,4.44108828031996,396.68073230777327,21.721731578057735,0
-85.93089516165308,122.30576181650525,2616.750532181238,234.26303947732256,6.318674359604049,36.138998464893305,5.52288811310091,55.43094086207255,415.8119371845748,20.842819833922032,0
70.36618796645666,-126.89397077984495,1909.656228017204,11.966634074216053,6.998118663542881,32.04456181086426,69.90057633561509,77.9892523930436,386.49565050194417,20.1629981144161,0
16.982221645082845,24.613262188728356,2116.7504101068544,209.80773348724412,25.01351332443148,36.8931086685447,79.50235512321703,78.48995577392733,422.6719287499743,21.18838642160637,0
-9.196123200126308,64.88134558248441,1033.633421586522,195.6204020223872,11.318728400708896,31.24672071954221,28.28394504060642,84.5982897440314,389.81385989001257,20.920958220109426,0
59.13148839688668,11.480071788556927,176.32066023005532,159.1720483713381,20.11850724091036,37.02476785549676,69.50733609817344,39.361866277547875,420.41534119520867,19.630598521083577,0
49.159038613925816,76.65777695554215,2195.178400303087,40.767959184237796,42.34139089506272,90.20738358940311,53.57053089536327,28.33380514124889,437.5133634460326,21.149411788651125,1
65.11195746812714,89.46610464874715,479.5799576764477,415.85931101604496,28.814499490817386,46.71825887026023,48.58879135831241,23.108268685139265,390.50328107690507,21.54248968107862,1
74.1336354660153,9.8355101278176,795.9419463517813,96.91741618689834,28.319648285854505,36.609821729008395,2.7063819638480258,36.73664135302602,398.32112764859295,21.018960198462672,0
-21.949514399493182,119.01483312652817,732.5753458216344,147.27109224855627,27.978634022159124,31.586638716511253,89.55973546063055,18.702614627438628,409.91150098982916,20.853067608559957,0
-60.44339298810585,86.98254348714715,168.4788076046748,468.25702511867,19.106330397698972,46.32888982848338,55.662043457800046,48.80817806497533,412.9015896671647,20.63729485306441,1
-10.978177043770486,44.27846195438508,492.4746344195909,314.01146423689926,10.421609430576611,50.48984761379942,10.10287823303796,32.28498801778733,468.72596020157255,20.97429831447386,1
-2.993501710850154,-93.89978835992135,2286.414127153407,405.9492671808525,5.037693349916172,21.641648667862285,71.5638928816914,2.993010388117434,447.67933148720385,21.022364539488883,0
-66.15854836505324,-31.541295573168384,637.306656065233,355.87666067695926,15.975203369164603,46.48965328387614,8.286518582500356,73.39861289231587,399.8606659841972,21.263538656927157,1
11.333255825550125,44.0841174558889,206.79935743824407,290.2854501470655,28.050220758496966,42.212919359803294,42.574005561983064,73.91935331346757,407.1508942380611,21.90214507461109,1
-86.21867065916197,178.14403413766985,2796.2699747136708,31.51530599257321,8.50237977995196,34.06347854992459,58.38349246516449,4.637485246299022,433.06637831848593,21.08059378248219,0
-66.90708528792854,112.29288685737919,2298.4812570400927,31.929272016241136,55.77723990921598,111.33893463522499,86.01204654051536,54.649746582894885,432.9158364223174,21.697278759296733,1
-59.31308429503973,150.5302118261843,1703.6781430777294,301.9481815811102,-4.6046117077408635,60.0036970167875,58.40411250803793,25.00502173836128,462.83326735033995,20.895254053410085,1
68.18587670761531,21.56846549476012,553.2747345903542,435.23954889596035,6.269914198701503,27.5147973455262,54.02560464287364,10.038238076915917,403.3718481808602,20.71616008422728,0
46.58012940041468,12.975631984896296,1630.5088001538732,346.7307971066155,28.27899895894423,52.9315863685232,10.400282940674666,58.47111445006765,410.76352119262845,20.92409851571721,1
-86.89198308305438,79.89017539725484,399.50403744947306,43.338158308101555,5.440668191857958,25.438996831818528,54.46832813143986,69.37848028239435,399.14331118553173,21.39637137589804,0
-32.310528013055695,-94.40408992258733,1469.3212436823158,116.44956222925413,17.91430962049342,27.870114122075627,10.635732726548897,73.96982266014888,429.6647117513207,20.951841209447114,0
-66.20165632800521,121.60424433159272,622.925886111493,395.39582047044,-3.0200449237021783,45.07561864618868,40.6709066242813,75.466019754088,409.9352384850662,20.58019627331815,1
-17.596454673514003,43.064494438611916,1456.2860429737718,71.85098197320194,45.64679515750239,81.72483108941492,48.791951838170476,41.19382634374749,401.3673510592063,19.953526271639422,1
-37.78568613517799,148.81687886862045,2245.898338236839,242.52672090149517,14.505169390358285,28.398055169848597,81.34454780102787,87.22956381433352,411.49511120025056,20.699789885475763,0
67.56149856503725,140.89765006261786,63.06440336195551,10.117213949693241,20.130544922295698,24.866905981648685,90.70277831032499,26.903461768286064,413.30305668674976,20.522615638417616,0
14.645933275663992,161.0651453397262,2108.90647279528,115.53034912562602,35.027788813056596,90.07375739346362,7.052169326757252,73.30738009749645,438.45259001078233,20.07202960289004,1
-30.71229445219437,-168.9024823772395,1402.6407611229956,173.47611968071584,22.286191462891168,80.5474697267597,14.376856735887833,61.0221505992847,465.3072859129673,20.43198951368333,1
-74.66899871639548,-179.04650924736254,2349.970097917666,447.5621868505971,27.583924916445,33.96119735888057,52.72609448173363,64.63170471246217,401.01228884397005,19.963446611923416,0
55.454524798136305,-176.74873771037394,1430.5498347556852,20.311902831481767,9.76727147527654,31.618206119582872,30.095582114390684,16.919817574454154,412.15876905640613,21.162681975888418,0
-37.7764095593849,-27.2845795369019,1313.1976878910955,457.17446529616814,15.190581296015184,24.126216761886987,7.392208335670103,20.861427960393552,457.04388563100133,20.952631217166264,0
7.960411689224983,52.908556480864036,223.62877767077072,96.3637759541204,5.876137335341603,40.71275220574901,85.71576021607835,33.873100543693056,424.86842022349157,21.45372515661403,0
68.04260496859496,162.80721541127934,1535.4854248148642,116.34028273310672,16.723154054453065,32.94049622665197,4.006038596484284,90.27011560743958,402.9708591788725,22.063781422478964,0
-61.9369418172124,-45.83466021390373,626.1023310695334,190.36750485528214,15.105723081009899,75.1297237271468,48.22707389420995,5.826763018280035,430.91085635919904,21.8139979169961,1
32.28564046492052,-38.00267660682701,1439.3457331413404,118.12380169453063,32.49456445766633,100.75105101061966,74.15860290727561,74.13231979877547,406.96717836406265,21.346378430319593,1
50.963315422515365,176.8584147907804,145.08251217078427,415.1343098779277,25.117862930431947,36.51213308935872,30.75187967945062,11.172488623810573,442.5034881091598,20.528449289470096,0
-18.520998891878676,-58.94646697958052,2019.766509214368,307.1705326906654,5.11742484582898,33.50300393176221,89.78295491424262,64.84182300569692,411.5880446459968,21.223829617777486,0
-52.225219519924785,-168.12395923050147,945.9842211344552,86.0164915812698,11.317239519729101,30.540504215722585,72.72441152915376,74.79377342233862,407.4865422928422,21.895893006026707,0
3.6077963256418997,136.95195596357365,175.3916653722477,461.74753925913967,25.957170663465284,25.402333096070294,82.83789231430063,16.538954733812172,420.39386111744176,21.0777984890279,0
20.93351268793637,-85.46692608624036,2324.8851843039292,314.15043800175863,1.5918842125639703,25.40716740704105,77.89345592196811,50.08942207249015,392.0208483973004,21.36663071706397,0
42.87191347195849,-162.48039410792214,1327.8047445041598,339.18076396396543,20.42469359109466,28.515147459267894,45.162035548314286,14.816231874047858,407.71741282083315,21.755607557609064,0
64.86401301282527,58.373485365291,2572.179636628579,85.48764342045241,34.2335146246789,28.91495788437574,24.50822001300019,40.45982575562576,388.6379212711468,22.03199869726595,0
-48.083860405182094,-19.17344739690131,1521.1162272176464,339.81599248184057,18.400885511463375,29.977381393768038,17.79719156991909,72.25982041359754,408.51358753864855,21.35050106256667,0
-76.60668003727265,28.425409031790082,2876.7189809983633,54.26195488902335,61.517878528693345,103.96232684690138,52.27089862404725,30.647969566293863,420.74119181124627,19.837291688472064,1
-40.74470652106827,90.96007370043293,1280.5135861389085,101.96159191857349,22.169228110042614,22.299050441822814,9.292158432288321,72.64122869000529,386.65121713495023,20.68232199757265,0
-35.380924402081405,114.58727217236128,1490.0295049237657,278.6793947312465,-3.982988485221412,21.966376695435592,53.99597314888188,57.155259135278,450.0833413913153,20.56436215298559,0
-57.43950325492655,114.92040580740775,1824.2352089591154,81.08168949572027,26.713930781483782,32.88932647400923,91.29724316001403,83.12421090776503,408.6664515451115,21.134001221934408,0
12.554550772913245,-104.86802107100286,31.21584945485378,49.12855980670242,17.498739685780222,30.285520938695193,87.82886950200603,95.64705024540974,429.2650667698307,20.756039234804014,0
7.717506664073412,-118.45247766239818,1288.5617055287369,495.78960322586033,9.624567401142244,43.45003650348913,25.36794177266113,61.00236874959134,400.14838748307864,20.82080359392527,1
-43.393372559939586,131.63930369414527,2083.273607483966,338.43780876135884,22.53329703415471,38.93874555025634,4.599743869169104,19.57053331718296,404.7823767425073,20.55075804266212,0
-79.0410311137267,-81.60151020555493,726.8288844646233,332.99062240623994,20.02588961300784,48.000204524349684,29.14910599310099,42.1166155509384,437.6037149154831,19.935083961763386,1
50.515356395334976,-139.34549796379756,1710.5100937545853,105.31623956789755,5.888445359599828,34.49391775414643,1.0380432896025082,63.97268511260739,421.79653755957224,20.615722684887594,0
26.710847160895696,131.3172223195761,1616.4297091349933,331.34964936839845,28.771332973487077,37.15691320189196,28.275212349571742,41.660317309647255,395.66247718946863,21.614412757088573,0
-82.2233012271726,-112.6267133420503,2486.0618678083265,155.15504279938617,37.02875242164705,73.21313523174231,10.726363285237806,69.30836498292848,414.2611582557657,20.520779313484606,1
55.217221669270174,-27.619811862233405,1015.4945224842298,86.86731997884165,10.303728288105242,25.735166483377654,29.996622571299426,34.593106410831496,395.67485208297535,21.11002440970272,0
-38.22995174035577,153.51235256870342,121.81926979336122,198.43364500298037,17.861944679967994,75.65613613812525,29.610117656823633,97.87493756171611,441.03351867948777,21.735062508322365,1
-30.009110630741063,61.6629940024508,2143.060462636244,355.82005137955866,14.734096504917988,25.444618776416313,25.800223541355994,68.96187224176728,430.45721162192785,20.08052495181858,0
-67.86111661786589,69.90217511919423,1645.2081779589844,364.771551971599,24.68518096998732,30.01686854660839,73.59617051595197,20.61646399228939,402.69906286581795,20.610792871590025,0
76.00849140126971,81.94407080491055,2094.8886870485676,238.93690048731762,0.9451734642224086,34.94300625202899,96.57555569049202,75.40312690263517,432.8184789480788,20.731052994076354,0
-72.87970311396985,-52.53373166180434,717.4147089908492,144.57916278274143,33.486372408380575,84.89358753203491,14.540096448571338,52.34216326139601,450.3344406845029,20.849557429999876,1
-32.60180881642276,113.9269367171974,36.99553686820545,351.55991565325894,1.2556486002753715,30.01406833477586,75.31483902046783,5.68599664892111,415.4349275722826,20.795311030309826,0
30.158440745147274,-89.0417918280181,392.95101220250615,374.0443170795183,15.224933196982873,19.905414762284508,77.55665585175177,17.675812306883177,445.7029165659294,20.82383228544738,0
-77.63689892308358,-83.23550887253003,879.148541207956,479.1825129557332,8.876457648742036,31.744302058613744,84.30916591649182,19.7331256544645,439.29572633917525,20.68772795336901,0
24.54273614636095,23.570850369825422,2712.4057493105224,334.2783065617866,31.27163781137549,35.73009911685958,90.03161405108247,86.97572601777264,424.84597560762904,21.172277636068863,0
-37.50994931325279,-144.57865366880995,1591.816556600243,98.26205889340697,27.31338082946049,94.13229868241146,35.83564062884235,80.75179531039807,417.18571319369823,20.45991596802044,1
62.95741181207262,114.35615364553371,1398.2347207261207,428.11786341013254,17.930377606732755,41.55232138172757,40.243280479786335,35.58433435321178,386.05656524716403,22.272013285143828,1
56.594805875505415,-125.03484104102708,713.7186455908852,340.0830777761096,16.877216364298842,37.2893396835743,5.817965162687955,62.79826043819347,456.486483306499,21.432753937730435,1
-31.11337928208173,107.24418349924798,1017.1014077565488,299.56465590783154,20.129494829448337,26.680171054638095,93.37466395937834,22.729383653847314,454.17810600731707,21.693322077813225,0
33.45910675337349,-149.34756367554374,1194.3442189065054,481.87403461606755,8.808574963597128,60.652138187466775,35.705604158874195,57.70929600217606,428.74152075319137,21.399250854582135,1
-78.72506659058337,-56.375963405144844,930.4309014231737,432.82735385963673,18.509803746602017,33.97490504479127,70.25605657672381,34.88204187388663,443.82162670317143,21.952876079380594,0
85.19496031301108,91.4307140322237,2321.8756036744103,276.9964996939898,20.301614162318884,26.793908014102556,83.94141575345148,63.205262249678526,405.455694840038,20.729504844698468,0
73.77347167858562,59.326149291734225,398.9128202173168,272.66234816279604,41.519829333541054,63.31939906921078,42.60846617276675,64.14945425625373,420.66284456339486,21.83203738214094,1
87.33977948446412,175.0548692411062,2384.360373480173,393.80049679151244,15.05940438437488,47.419434076535374,48.996375448401096,1.8360667685975662,448.55845299466876,21.277084591298646,1
85.66276834990325,-55.960093284335755,2773.375827756483,121.13618502737546,23.367647404302474,72.93399652382813,64.56325161926443,57.17445300691578,435.8414620605171,21.074923771312577,1
-50.80749350067682,23.199952430078554,183.00350343236272,308.49341791840385,15.256250404230752,35.545708153461845,53.789038109385324,98.6274381290411,452.2753955456259,21.632052222404756,0
-54.54038049718329,-28.822065557191593,1526.5432736781786,156.94671932114798,3.9045553882806594,23.720998551590366,64.49127917127281,14.53533029095152,413.7276473028549,21.32889248631529,0
-44.832537419628736,22.274918899611407,123.66749337490535,443.2668887853394,-7.7565974817929195,29.45520923016991,16.051733715764282,76.55915289243882,401.667261111678,20.735302417988787,0
77.54404092369322,154.87465560279543,373.54131846985837,423.17596404046617,1.88902739722527,32.856570385010194,14.4717881488994,80.08356320427812,407.61244365130284,20.32369822916984,0
-69.81869350859436,-67.59869629189267,1428.4374103745165,34.39834315364617,11.039846816936286,37.42450479842983,48.921571976357015,77.3675931092294,450.0840100324833,21.35687949646492,0
23.95732948155873,130.98417331287828,1436.2659730283797,156.7819141041752,21.596649812456185,52.91054703579131,32.31710603500713,19.126255453132902,434.8846966261639,21.32964849423049,1
14.312625364869959,71.06928658126992,488.648844547218,294.7920469498969,20.869974143385303,44.78589190832489,76.57117340066765,62.66389393147706,450.7353280442203,21.054465938355698,1
30.570351381366848,60.01758230496887,734.8488232178969,428.3921400024325,12.10477993206065,33.30883803112525,30.001191388977155,79.41861417327664,419.66036971446795,21.974820003091246,0
-84.60786548315139,64.98364878652905,876.2460018560881,474.8187047380692,19.196268372802454,39.261596713659586,4.154175283660866,67.71695894832767,447.71311105697976,21.82293002355969,0
40.78005202191068,156.9564680616379,2530.2088978009147,81.00372234592534,23.64712674381104,91.50434480713474,98.32038869813003,68.19933095325145,404.65565327555214,20.42113148991043,1
35.20147509295282,119.86741021585493,751.0707143244159,420.2248317242354,22.459067992698234,45.79380649868998,45.85612082304573,79.55223933669225,433.85347699865844,21.636455022964306,1
42.57330701049901,10.956010898008373,130.1684889956265,236.33683535435253,6.836245550348787,25.356893740008438,39.886255452655725,69.92851743809366,405.9580086161254,20.80805886603686,0
-24.222550598156317,-127.88845011600333,1562.1078593603188,310.1516068143585,14.767839304414869,24.867311566926283,17.551257581971612,27.942646404742323,421.76900989699965,20.982450305343225,0
77.64164081779339,-156.11746804605613,2518.94207214843,150.01484510553888,20.76198333481849,29.98734285293115,90.18975833828084,24.10974624539196,399.7443301135004,20.927174494982804,0
-73.47229361752689,-165.9927180301076,1560.9556393054136,380.421488715654,27.454523347454217,28.032822250907344,61.999528829570785,5.620987468589556,420.0346118058851,20.642878730514347,0
-7.689636023397142,-31.071989593079365,2247.8217251477636,388.87719019245645,15.410743674653338,27.317510208223567,47.16574306358861,85.43412955709438,406.41176957643086,20.028768681690373,0
-2.3050314002384056,28.157873371559845,1891.2489669595989,160.1864232400649,13.679339480867739,84.00978071615577,24.684285061988998,5.788128063351017,383.65026401268295,21.111619555080104,1
-63.00844796768216,-89.82532525601533,2499.9255137196196,25.560814302648062,16.34939340903585,27.14330930163924,87.75234743184161,8.310961504154669,433.47619821121503,22.08889122845932,0
-54.70921715638585,39.833791362504996,762.6774322828405,82.20784412991311,54.414640589527394,109.58529871911458,38.40260212095136,97.97817252923676,406.1004052501697,20.528591320975362,1
-16.814240409012797,-24.182879957402918,2562.689854959264,280.8542507460437,20.11670117849425,31.311289766559803,25.38859237651775,73.36550962454976,420.4569410244561,21.502061252414023,0
-17.78743066799366,-12.957137445656741,2819.285094752449,184.99635705993398,26.00238296830271,23.234772268378613,27.88650393727845,6.778718543788531,400.6601133930836,22.194010103304407,0
84.51404779440932,-23.488595740567945,1026.4621187363896,20.64740744147239,7.058131013449077,29.316401822729787,34.076588960450735,6.422519322209242,403.4657757583429,20.905681531543557,0
-75.81501535056701,154.38073101124894,1809.6217147075456,63.843145163446025,1.6491072769592225,32.37116488914678,38.5179079255204,21.655840725613928,404.6360567622469,21.02568657682316,0
65.85440877778373,-116.48905148254067,1118.6322349135935,123.53453262240252,13.33645513383958,29.8830403876879,91.76825558055978,97.34454832703123,431.4865079775729,20.616815208007484,0
26.183104546278443,-93.92561919513426,2182.792668074682,277.1842268333638,34.85071330832004,37.12660332142688,30.019469018867863,47.31010360277171,442.3760964232093,20.479963239107672,0
55.6088481630139,-129.094262306138,183.0561097593526,283.9461281651128,21.450682058898572,35.56923922899536,85.03940538947492,64.58729087772852,417.361483060065,21.1595315159473,0
-56.139502395125874,-162.11054177599524,1582.1939138891712,130.18240514337572,8.342141657545614,27.91242794805406,50.081237627459885,89.23405471224542,407.60421736790795,20.733799948022373,0
-13.546584148718566,171.81993513751712,1351.2811310609939,126.72696938944544,21.715097975138857,83.16117602979125,58.12990994192736,96.62975377951201,412.1922393736743,20.47680766961056,1
51.92179158635321,-20.538293324036516,9.4760656309133,268.32047407679113,33.37064909807991,26.29758338590772,71.28364071792534,31.812572209779045,409.8646169774879,20.638670130301282,0
44.4114586234345,-136.79579272562344,2780.1911127776702,89.59842037313604,26.480791534916136,30.179993885267198,95.83361553983279,1.4659199762811714,419.93686595424043,20.91390151311061,0
15.038654730282403,168.69545816581302,2667.4618695745294,466.9936046755441,20.317450618573194,47.63984374595516,94.74925523662665,12.99405519295217,442.13921212778655,20.991287549499237,1
62.88650585658786,-55.765485619222176,784.7183308493702,494.0402726687931,11.639819909955651,23.087324551174262,63.947164015135584,86.7196969172869,423.0798963618199,21.30382858717298,0
35.747325224108835,110.44229278803522,987.0280252871248,150.66203791706963,15.471489170086818,68.45083246647934,35.399901479610286,34.01352711166001,425.4165681308183,20.98270803504092,1
8.563792729032684,35.57036822111982,2370.663599553702,48.71136827793709,0.9477527630338862,33.5013546919883,27.03804214071608,39.89242746211116,394.38358459881573,21.23396789199871,0
40.73379591685364,85.4932257617229,2817.019127711391,125.11540049295137,3.639715959979588,24.313415856752354,91.13435175275208,37.52770120376761,380.9270044506568,21.989892184282272,0
1.7338607984566607,-112.92846528405653,85.04293534589125,404.9414860698522,6.188762689317457,27.04304339985086,28.792027606887526,45.036852058794054,428.7313733582119,21.810501402638803,0
66.95344549521047,-69.5639859214249,2162.4780700197593,365.70210636668213,20.907932522920273,59.819757696131724,70.66574955708765,19.035976670729916,429.8175631570431,20.815104102097138,1
-47.421267426035406,52.74990470465815,2167.0435026830046,463.6619260531123,13.700355030508508,25.86692544652411,62.14628441601439,5.30942957282724,435.13189328609207,19.86213227102605,0
-49.33068528015953,-59.67220788072851,1624.7373122274566,474.3492716970922,28.012450578455475,38.26216575251333,97.69985678884694,44.62802546848871,437.71360949491265,20.04740847197647,1
-82.9291719762764,112.28077507879931,654.5758945959793,341.5002808145447,25.782403896023908,32.79984125608205,81.52340329273939,46.58353872399452,447.2574071293516,21.216308146816196,0
21.959421560663714,-45.5996826154113,323.7713473520277,383.8865780986925,36.25809015991214,47.68607873883418,48.56352535954045,66.59590217418868,416.18099559173845,20.37447805841792,1
52.344333295042304,55.81577064556086,178.5433974505788,267.01242800544793,25.218892207626116,58.07652083055244,73.11588977597296,62.01757472355859,408.4376051305157,20.92841407637608,1
-78.25032609653624,39.96416969366771,1078.8500121162658,337.2643695251234,20.180902503638666,53.12049452307299,18.107184753660054,85.21815941985592,456.962948065195,21.63616121230703,1
63.87460917231235,151.28827774708276,1876.8335224618475,254.37958481661965,13.091883428168202,33.23243365987637,18.05285014462853,36.56822371762756,414.7521742367917,20.671596105291297,0
-60.836349659045965,113.61289947546067,1779.6225719613808,328.74638271402233,23.773916027261578,16.6691830744326,59.65415599269427,33.81799618868166,394.21820960582045,20.970242469695204,0
-62.03674974437202,82.15141290061513,794.8933816255692,373.16666323278116,19.320387666464256,28.329123256851616,33.06490639745003,25.128019311774572,387.1742640939431,20.39589969210842,0
-29.083698842547633,-170.31980045120596,1359.8189366208778,202.96276394453932,13.114167003264619,68.09543058285385,16.139689922159086,11.732396884440243,413.3617923209173,21.065019819461536,1
-14.790380967533125,-43.022742180906164,288.4778971672668,318.34133620945875,32.607959523047356,27.656705864533333,85.68538471699397,41.07195593937764,387.3195977090837,21.931086608607735,0
-71.72776402696401,13.470500381917248,1851.2114521568599,122.40006966933451,4.838322663238321,37.12132478149088,61.411721037355996,65.8104668180185,426.8974276929031,21.294007432566,0
26.83492168092546,-60.72778375086381,1355.7004983651348,252.5243123385964,2.457030691279096,22.66084143089643,83.10153382156645,99.27857420798085,391.07761651181573,21.090355413772112,0
30.180967844687245,-129.19296243270574,873.6949499689711,230.2478423477923,11.722417763497322,32.186813173757095,87.61868640524918,41.76720968835579,411.13376351090125,20.977439492521817,0
-60.311685266942675,-76.607072854123,309.0601418799928,52.11041102077387,-4.976566262167534,29.876100594950582,72.64981335324852,46.57910242119666,393.04588248209626,20.295970960542892,0
38.83493111534577,46.04021951937568,2078.114664870408,262.0567604260774,13.711783392826629,26.68081124855959,27.949065811519024,53.257939377058406,397.0491521238897,21.517616917793255,0
-0.9075980737123217,-66.29446665219226,2931.8456329450973,183.82971453901067,-0.6775772303423189,30.737842990968524,59.159985403619416,74.57482377477261,402.39005863304266,20.472282215747004,0
-10.533344173023721,-92.1414328092022,2078.3443927857156,431.3974013368146,12.559908116333787,23.321493255523034,2.9500873482285694,77.72725597128537,428.55205587021925,21.38525942733552,0
-40.98848469332133,-79.82902785309518,684.0227731001936,320.3589682143069,16.448056704408636,32.951381723900205,21.306369210977483,45.61759801643629,412.3397739651323,20.099035584067853,0
68.88287808204049,-138.36295572621904,341.30109394393247,39.67662177547987,9.46197632173285,20.024918729470357,47.5512075840849,3.516821767794953,422.70936676799437,21.982245083017734,0
-37.648391652433205,-78.35612236867385,1657.3898450343972,142.42779996923323,14.136047808438706,59.17866670645668,65.3946613269549,55.770190434902545,411.07689655960394,21.237121350363246,1
34.64069040764703,56.68002950802395,1579.881631045985,254.93489812940155,8.563231466538959,18.34036182414845,55.094635914365774,68.52591648246437,411.49930450267954,21.446378554645733,0
2.433821930819903,70.98023802050696,2205.938399148437,326.63192811806414,18.885072578991753,34.78255627071632,1.6625363569351848,15.598816985920315,433.4308032824443,21.61836518102729,0
-88.32276156753505,38.38778942527452,848.1735376259538,114.95511931013934,33.093547018577986,67.83113800231197,17.286729916623433,35.3248865697242,411.5264017580173,20.69872604253726,1
-61.61860398777295,91.82169347338032,2533.4865018845944,117.244819962442,20.625111392661324,24.0352565560644,31.7569136370069,61.25305452155023,407.92644721506343,20.32217245869466,0
-46.112291180960234,-75.20303641231538,2984.00598072236,175.92768363335495,19.715903811131184,66.69585943203117,34.428009614243585,90.88087682726623,419.0490539066279,21.05445206990796,1
-87.61234963876349,127.579078571573,1147.522367249901,407.72795597493433,6.615222694456701,54.2874320915768,93.07543015986427,23.855710134902118,403.59526808693505,20.252528497393747,1
-34.57500526707547,-17.354201055998203,2194.488762948894,319.67963408524764,15.227780275543422,24.77896717443828,38.75996093893619,34.75825487015053,416.70367981234835,20.713255628219084,0
57.59671943953819,98.52932274335546,2070.4376333987607,24.496621988090602,59.88364839929417,117.23073254068173,96.47770463866098,57.20253910972417,414.7829678579563,21.588489478809144,1
-35.28187736030862,-15.571500323309465,2278.3153617405355,154.88110259069666,7.874257307380903,35.61357862637874,26.4947278176462,50.46723038023039,412.8818055582131,20.97858062453599,0
75.34073453447698,-64.0626794282739,1997.4961439777833,175.2513757951465,21.193229468587983,74.07275363356916,5.1909539586410975,4.623971843986874,414.2921216541593,20.914555428139685,1
-17.36924076848061,68.70127280284498,581.0352749147985,138.30131659764106,13.715041012053256,70.55663661658772,46.00935999011979,14.761476816802855,410.57655331985893,22.2511633227224,1
-80.46680748850547,-101.2642523201423,1926.370202224982,388.5720871746597,10.266177129399717,27.099459311699015,46.26736889469684,74.27733015878523,425.71414901158647,20.70750961389379,0
-77.20663433568028,121.99587898260665,405.5233232144174,190.91560577534707,12.292633858456467,26.797498426528016,48.181739782358235,46.70668492952122,423.0821477559661,21.35820348437486,0
-16.904832927391922,-153.47645394622464,1038.5227007548328,497.31908470051656,26.7130584225251,28.29471578711972,88.96125743281566,90.66491101191228,381.10356136296514,21.10794576514262,0
66.80585041806859,-11.76693447459428,727.867492281156,137.75861281888496,20.647290806688233,42.485002815518556,33.659549114492705,97.44496369577242,402.86955707878883,21.341190901595738,0
-40.182018877437066,-179.0234406972744,969.3388047308538,115.44450139834383,23.034247821355684,17.67292096560535,77.83367931838818,32.86701299574689,382.92857224284774,20.765448527050463,0
-58.65807980127182,13.109452051079671,1499.8389500468872,343.9549428972667,-4.612769355042051,36.13781063280972,75.86275611740909,29.35565642869197,423.01447249791636,21.012710911352585,0
-29.139421080043284,-89.15190768947525,704.8774999115157,14.981028238124953,42.88099345732764,103.33778983330956,35.17980865935054,12.183741756814648,428.7766805568474,20.572054888510312,1
37.95249911777525,145.5880038175598,833.99775779886,359.2364954686608,24.288024573789205,28.15664419043519,79.22578015593676,12.894322943580017,417.5864877836016,20.947204402420624,0
-21.630983942293255,-139.51401203182365,2907.8516425708362,205.92081488403957,4.2887897038439515,43.13069627501263,36.03477520106352,7.746422291113597,441.37644864879667,20.959800769900827,0
-6.4442297190763895,-102.87947403319414,2920.0954779754798,210.3150549187729,22.903893814476422,33.49995960580183,53.48859071188829,75.63045875360572,406.9483960356832,21.002371383808534,0
80.58123807386156,-84.62101666214036,2327.3334022816166,134.5501451755463,18.720959154936192,26.149217341442643,13.263623621836063,26.296557569807653,410.5888384641063,21.49926546576798,0
49.325343585488895,-12.951864664649804,2182.1738798516817,417.18194023827203,11.315457796643237,29.205018495559216,51.42066549063809,27.626507385141107,432.4756146940618,21.168309125592927,0
27.38004344972981,-168.99393816505716,2856.121784882913,242.10648056458263,44.937899132855485,38.20105178753019,56.51998932355694,50.12598094122658,458.5252345092861,20.06763509469872,0
2.6287321664569703,31.550758932434718,927.3695229547526,219.09792224276663,11.043733824509953,31.10801153043039,52.26638040880323,12.547636626595393,427.08731123346837,22.175865131593113,0
88.82827025570549,-96.8273000630762,895.3248969325456,106.11305646132094,41.4175122047608,22.490142525724274,45.72817444405787,20.504678708627424,399.62789821272185,21.142616129189644,0
-48.60195827288379,24.63711474339408,96.47344483745346,284.90603337752015,17.642414150606633,55.195503385678805,1.6797029042728728,92.32775146753072,434.4238789889213,20.808032522926254,1
-60.53608720504125,160.9902218530359,2374.686960660233,367.4568413127338,23.645832415475198,35.515170658679864,48.927546876797145,87.63216117770706,427.22803336129334,20.300851929257405,0
-31.65802403756159,-53.406149447626504,893.0446371790939,472.86591338718534,18.64771679972509,25.815244097978304,69.89809418754295,56.59439175734068,426.15544167922354,21.016595269819263,0
45.998938475819585,-179.90570128937236,700.6554270457102,369.3426469091857,14.680190285637785,30.99679065225874,50.62977093143501,26.55363435556093,411.3161583924743,21.09950967991792,0
86.4336320121202,129.39810142850212,2284.7834676443586,30.460037181662173,22.356634177070404,31.048613737140332,94.36570276226459,77.89313316791824,446.5961805145093,21.24210946015436,0
34.01685202004184,-92.96007830607252,1049.7040458316374,486.64955859836715,-2.813773961059862,29.33607199745104,82.4418675309922,66.3633123809938,397.49786621955286,21.986512117924686,0
-5.568151913321472,169.52160840023691,470.669147015782,215.11374807963165,21.03545002349434,68.53467611479712,41.75048197515444,65.7534630956849,408.1179252406705,21.262796823404255,1
57.30539443844779,74.86061114403375,2172.765479809263,214.43754331513654,13.325097862069704,27.16200263397403,78.86920157712888,27.467800197300974,422.5351222124968,20.847614418787792,0
34.959239295689954,-158.7147401770961,1328.1858641164558,261.00953392975305,15.63873797200681,24.259471776007896,21.935896437580116,84.04568829685024,433.54763593219394,21.23255800750153,0
-56.6416263715628,-38.12853506398906,537.5590934734946,291.96242786713555,14.945899182485515,35.76094027338026,94.90400455929284,84.93260944311301,427.9377075899729,21.48957683580183,0
66.98873988590546,129.00057231671968,2867.5674755405794,451.27607746127353,25.317299382013644,30.605231365636705,39.98210237566469,32.76282927418357,403.47054399298315,21.92192340772588,0
31.079569311361794,-112.78519496373954,2443.585438401811,262.30188376199123,8.64200185717516,33.21599623431919,30.044293329684145,64.37628678796573,422.17609151577904,20.78572200811828,0
85.73758052387649,90.82578118159256,2755.9716716311464,323.1039175604923,6.7895418018936855,31.500345678538597,80.55252262861868,40.715617024575934,403.8588535208346,20.843988714444663,0
77.98708857133076,117.72534524758544,429.1759911341833,440.39253476879037,39.05840934661552,31.556520632170706,77.76081906224287,22.4542612984174,430.9929026455777,20.100311873622402,0
39.324581185064545,-177.02528103991725,2675.0682267698285,100.68039013770478,3.591140529270941,28.40273643502777,22.325798067184188,76.71420276353257,369.64622107899623,21.010649313152925,0
-8.54600439967679,-96.52878026658378,2473.7504724355385,288.24115543861154,17.969875892704216,32.469856223523266,31.043666978878615,47.01364966995817,434.71711857013656,21.332158079153125,0
67.44215934301292,5.379114350671472,1970.3682680158506,80.72181350857856,17.18076030051667,24.981365282264427,35.61541187749311,4.007109580000023,429.54852301747457,20.431324934731776,0
-85.10257368476103,-37.22719586543826,2328.2889081576495,416.82319181875437,21.988912568029097,24.366872882003015,0.46823256452867,75.20085918809872,390.5204040779933,20.464822991543773,0
4.7528369852064145,100.75060036800625,2296.8364410384415,272.6913686899056,16.03271535456419,26.64815092053615,97.12107398175031,21.790202386657896,425.3502950409909,21.368904430209007,0
76.51327075420537,-106.77395254873059,675.95727660717,128.6014273412204,28.900871884177786,29.781882598600777,33.89445475416457,79.52638275424853,415.1947492468147,21.21618902397579,0
-43.8398258866426,-115.77485037574932,1912.0479848207574,356.01700020467473,24.951633506156945,32.207280681207145,20.28895361765536,17.123323800941304,427.1043469336501,21.2958249804231,0
87.3377691799113,-153.45226616870937,2367.974470176067,44.87247776613805,57.013769996216176,103.3694913912508,36.04080315934228,98.09342979990528,433.16497858916483,20.218838335498077,1
-11.050266404430971,86.29272600435286,647.952460867516,467.68242202342424,29.80187815593166,32.86322278042363,43.151816181282754,12.450626097961093,435.61381631895415,19.86179400332445,1
10.467396406766937,50.77873671381005,463.3541899892855,181.70092361325047,16.962025142424736,66.25907984832361,87.50379452912462,96.45758568353766,441.30400339315446,21.593427754092087,1
74.41058143436803,-29.89526687895551,2208.600222491427,209.5024499281452,3.377153266478354,30.134315238134565,58.227439297223505,23.67311232497532,439.4667690005456,20.271266230921295,0
-8.950804798801826,-12.029606624895337,424.0700415518753,153.31393368411713,16.760062920688025,28.907021071610817,58.76749171268649,69.71365432530278,398.8723398931087,20.57030979328805,0
81.2125998307458,-78.6658505164669,2279.638688313287,327.5729832373016,14.562507533779577,57.489849984724955,59.70216492207169,72.740810233192,442.65557856000993,20.655133550856295,1
18.252068857337946,-93.06500588124995,1013.0715497733165,449.93068776409893,3.182383364815413,32.069736210374096,11.44269404178998,70.8996945687771,421.29895083430085,20.863041637150612,0
-77.02963479504221,-177.0955092510161,150.594394941597,444.9650033199123,8.790075533560579,31.70494307287858,15.073733688103585,95.79151068367217,382.72583278821287,21.107041436799467,0
-9.248858829463884,-132.72549300607835,2294.1520356821475,168.52002376306785,-5.099955156325905,34.90379235361508,76.57487372347188,20.771068906288704,429.05584583355386,21.220230818432977,0
-13.530210558933163,118.58041293568925,1996.2259121946129,447.5139928236666,27.242312356616424,34.165708591601636,88.88082182812718,93.37248571915924,427.6180046914516,21.773157900386224,0
-59.92441045615687,-7.160518502844951,1622.4918265239216,393.1182326577481,23.247735721001302,25.594211637120566,3.203274676777035,46.82717290784366,408.2819048362421,21.09316414351873,0
-15.874730997287017,-103.97139351234067,548.4733034980408,446.1765241124866,26.03289616684474,24.745105461880947,85.02542033384702,78.84768943081401,407.11223644091933,20.942626644285347,0
-6.501874138104739,78.49104030250214,2376.2062390200704,40.269829331991616,45.338111429254674,81.01259517750816,43.27921084524693,66.71634657600903,446.8678210760164,21.53544609824104,1
8.406570920539082,-130.13118467616567,595.9446424632067,256.5364923286762,24.53485979325054,55.45447958515742,73.63449163907839,19.382880067308182,403.37834578236664,20.285423773745162,1
-75.72201144819978,168.94776947334668,1230.9365422098297,383.6987311354403,13.335927700108867,29.99988427755015,14.26186756960326,83.16638903736259,419.29045944116655,21.298181636078965,0
-4.167855745898947,-46.4099477146101,1371.341959502117,291.6155754380692,16.68402430887964,35.041341393166064,77.86880270560991,16.177532787084527,415.322648824359,20.229091449321935,0
11.605466649806345,-62.01165188527729,1923.2207547250325,202.60025573333715,10.43236876371832,60.995876523916266,97.45779259888788,40.99971434909027,425.1186105645691,20.662759476100796,1
79.03195227006086,26.323915137225413,2447.0409464382683,328.54791605498036,32.115776468324896,23.995131396945133,35.8607599278311,9.69233351151889,381.361873304579,20.535206352837733,0
60.09792712611079,-75.56149959488744,1440.84750675175,237.7845122509254,25.390401569096376,56.08516980964871,61.10863003798631,30.312383830005263,368.4431731774182,20.78726087460964,1
-20.583959061857357,83.78328539946864,2245.2114250183317,181.54880659032563,5.594333983102429,26.31351052821319,43.35462673997363,38.385508224770604,406.1212519511431,21.33454599065737,0
-5.037931656505222,-56.89714215656085,968.6968918884345,28.064819336219283,41.322018551757836,78.85147937693263,35.113239576320424,39.62007774564993,413.1883024909565,22.044537032904817,1
-5.819544617088198,91.87796055907205,1444.922580884233,126.76484934088954,24.582961706809016,23.03570091148304,33.05981614583394,60.3363699895346,439.7207879119174,20.852810071902635,0
-58.93617645090568,-63.60382934316044,1691.9187653170757,323.93762779137046,24.66384652404256,30.746657014370708,90.09094083257345,37.406802538706664,391.3372953316567,21.059723952288113,0
56.69098215602676,-116.97183374885195,1948.1360844953574,89.78744295194515,13.411482544597993,31.77072975171812,84.05904008722452,63.1009658227349,393.58847925427847,20.693868344423183,0
-47.98172181625817,178.09843835323926,1265.69277303877,411.5642332654698,22.932672900172975,25.469878619760422,28.08179754559611,24.47635167090898,440.59752588480393,20.793926104397787,0
-42.57868630915273,22.12033364286532,1875.1888958634233,471.0333037106481,10.989827609497805,30.512937855883163,92.72186467846262,36.984150231694656,418.4123338537457,21.05505921351016,0
86.63213297319876,-173.13054579980863,60.26501342722879,352.3998403725929,18.139086357582745,50.44016594673551,64.84080972965583,14.573190975391492,410.2808749571376,21.0112862279652,1
-79.79397296767837,94.80997966205535,635.621947989274,375.86329567417346,12.910695451160782,23.28626923919301,10.702677816071605,62.007333890552495,393.20131179446764,21.417758023968393,0
-50.09448753558746,12.040165476345976,2355.0111890178223,356.86673310750115,12.362573212793292,25.21328680001275,54.487933961412324,52.68873601762588,435.04302112099475,21.372347110879957,0
10.330136974097954,-21.03738024567886,2163.0173758493984,111.53922204429121,8.18344260272163,23.130485487258042,82.55490794810783,77.07264771508329,413.99582500167026,20.298935320736728,0
-10.276400009412185,-120.71987597869403,2116.3760434969854,259.31825348161135,-7.4164438981848875,26.577973979307636,24.715515952600963,65.5477516667891,407.7067401757538,20.95390418721376,0
30.026595728231115,-44.25688943372259,1197.332552653415,103.78756595916539,4.540651755044582,33.60851985606435,77.85438563350705,39.103286397648716,431.2134671867275,21.383360126315253,0
51.29173226536369,55.48844497002091,2764.306475798476,73.74681497445954,2.297970594768863,34.54828752309477,75.77924897409895,45.017565233570544,431.80848497816004,21.48535318476681,0
-10.92522857400013,88.26586504144808,1714.7346254327297,163.77153613580919,8.390441355941643,31.445973890507858,60.1700854203805,21.56504134065589,393.3882798128942,21.00938667389683,0
33.598158966544645,167.13219722007267,433.9142843711088,291.5390539410713,34.64459823551265,25.384130751048197,22.37850777964041,96.23252763864325,432.89611429241836,21.211416344412584,0
-76.40885529320218,-170.9894761057792,109.35910423245487,178.64756426987893,11.793822727280183,28.36776038119843,98.66607329153817,2.110774770832946,389.8601381728895,19.805386949910407,0
-46.402552337888096,-61.63943967717999,969.2620415359022,306.92259089008076,17.23068108588895,25.819011992662087,92.11909957470522,78.48907408927082,422.3240413270105,21.272802389730757,0
86.84598755785328,-51.52945620970331,2067.7952897332666,382.7728924807043,9.676836311690035,26.062488118515173,63.32822242320972,53.27713635201027,398.8261631960454,20.924020786176413,0
-41.24436977175239,-163.56706268064892,2133.3368980617506,192.02986823113014,23.314714262317032,49.38055264675168,17.289903059663914,33.988454389219754,441.8902769912431,20.80175872554407,1
-17.236938672799198,-31.751563862721923,2926.664226516535,161.92021406035545,6.103344741683969,29.284762444565622,75.92922881380645,26.076216699249454,422.39114148235836,21.379091510491705,0
-64.46548352839892,151.43274828482168,1887.9537670243458,427.9721662268513,3.9134853958008833,29.488218685129617,17.080743435394897,58.25376728278571,402.4190251599722,20.696034589097227,0
-9.161589767762237,93.6692203608672,26.237669409858167,67.84056370981395,22.68165670238387,33.63179570373721,85.15204504150033,53.163086951034,411.0933186484902,20.776077181317298,0
36.09293722151078,123.96076213787086,563.5260060724121,202.81715744523834,28.958004525596515,49.24616818421838,8.224383133235358,65.7189442597536,473.8926061721852,21.407257983394967,1
-61.133472393560226,108.32526712466284,1867.2531048451765,290.11579124616793,39.49920843091706,56.83509791236608,66.76392407538657,27.46483387403158,443.66969429953554,21.303068875736706,1
-1.2825850298478088,-69.73200944113943,2453.4776057200193,216.85533073123995,22.075729430836574,27.904509509893828,68.70290650422726,51.1887101481172,433.51938548277155,20.63738197656362,0
-17.676553905285417,-157.90962603873197,1793.791350585957,52.17967545020566,12.42105533037544,27.898105362545177,32.502450580596864,13.85988821227584,408.5978826556208,19.989355878313997,0
-25.851409029359374,-26.475209236650215,2668.117931351963,118.00746260274497,6.393553991236153,28.109125886460244,41.62385138763997,9.755188622021016,408.1908878637202,20.121322118656312,0
15.152496738451674,175.1011819274733,1023.3932622690606,246.48993777999297,12.879776696371476,34.79139840898377,5.590880240700535,80.58714279664242,397.5083869394468,20.626070766420664,0
-43.324019359233944,125.59212831235823,1530.452418622168,25.516256778874602,10.572614446573638,27.372330514457897,13.219360295535731,81.23537385271148,421.4923548039107,20.95581735104399,0
-84.41795634244964,68.45736699191079,1045.2252233571223,364.0825318819882,18.931061467079438,27.42108132304068,20.220302295237282,50.676972076403494,406.58934668087414,20.659030743127513,0
-21.075239337183703,33.221859921836824,2083.0039093907167,164.54539280772534,9.900952948271584,65.96680091009299,76.25162332308612,40.947454362699965,431.7445401900972,20.860005801647493,1
42.05331976256872,179.2771992076859,1495.246866256541,451.45610637071564,19.718835393395615,34.105320973307975,32.51776734673989,94.75726410538032,373.2318129314101,20.52484212923127,0
85.75910406575554,-16.071929209876743,937.3411879353297,119.59709149691611,1.9869063314023716,33.855292043349564,30.002957798736063,98.39393853207513,389.0216002769914,21.366239019984697,0
79.55977433798103,164.86028710302708,2350.8764701499263,438.8150110793899,32.15085537874437,33.96829287527404,54.496076344310055,32.48790379125377,417.2623333345284,20.959465569395267,0
-3.604730667813726,174.06519209099883,519.2091066071029,198.8888621151124,20.94084996810504,65.07951452056497,55.49277230561551,25.938624018906044,411.55229629688694,20.574138916938193,1
-35.18631099299275,170.3422812150664,2701.5012683690725,77.0327958053784,47.683305707974384,102.02681920755796,18.202690193312833,2.870818495792604,436.24524930541895,20.849958624009226,1
72.32143421784636,8.968413352010828,2945.278094518162,441.76778539064594,21.97881528138235,23.948028901338194,17.443262098379865,84.13861170798465,413.5400205466559,21.11207149447991,0
-81.52307893093818,-86.2850629846732,1937.5210127349492,216.2195325671898,39.43690523923464,43.032902606668415,30.10288068164946,88.08288164871308,428.77315538955236,20.3129364941509,0
19.2855210712805,-2.3177856361924114,1566.422600330274,194.70678767841721,11.347916544778874,32.269605890863886,65.23743356793813,79.10856659084084,384.19283647398333,20.818385709596217,0
-59.31213738022419,-145.34903607464472,2690.2690063581267,226.15799785233307,17.31657151495617,36.514904099912734,47.74332751282908,85.86222112155062,465.5009620672173,20.457610008227405,0
-38.20621463645954,114.47817273533309,2883.8837878577842,281.6847171680824,14.01083631830707,51.71174625755792,30.68044523178919,55.264416814251796,442.8258942685191,20.863247541838238,1
-22.407160408279267,-99.55206428265467,646.6750805678699,346.45938556411215,1.5521629030800597,24.70661842652345,28.309089115746822,60.77271049675986,419.3637819816558,21.62645325348372,0
18.302322832587222,97.75220407488524,698.1028746185193,328.79132696376985,7.638044226077524,26.805794622421196,24.169444873634095,36.31618406368693,418.18972476807363,20.840041830047305,0
-0.19933775497632666,91.88388332098117,1856.661634454006,171.95910733396198,1.934816484485637,38.037226184285,88.54686001050885,70.71614473345555,446.49443722067537,20.875979888964835,0
13.433781877802872,128.08605530412183,2131.811889372661,483.6600485066504,34.26111088056898,45.77576591006673,76.80467522053384,93.69082029258408,388.2838657448065,20.623452070053904,1
-67.22445511518367,-174.5658060465975,1565.7643904260433,36.74467674686572,19.068118587824063,31.3892215193517,0.7576396259691753,75.68239174132503,419.9302760360385,21.266593361864306,0
53.56020012914371,-153.13161892625848,1980.563664238022,261.13846746198374,22.26814844299878,33.7266540336456,54.147184820557214,47.888309518225554,434.853597441396,20.253595195115928,0
67.15943717390556,135.43010719540052,1446.8703106656128,427.1942746286425,21.679779047109918,30.482236076664748,73.6892317880451,46.077550171266026,403.047158545116,20.456163436880342,0
38.542881165800225,73.44438172434607,1485.276166610508,195.28753528305455,17.979768770383245,35.119361044607686,82.6185620720918,46.027645546943376,424.46695339366266,21.378529278342473,0
-24.561378343472228,20.55966776799974,2986.8180148904407,438.82754384928467,10.631487243573124,19.786031133077802,65.84902518340556,9.165674181937645,421.73312690405555,21.198565366004363,0
76.95440203354465,4.556750575859496,2658.016669294282,415.49974418591665,3.95175752436165,35.87038945972488,99.73519224443027,59.79163104483442,423.7596270480708,21.75538152466976,0
-75.98344184057125,-94.09378627064814,1714.747557047777,194.51339707679156,37.790976766859245,32.28453076469339,50.714651690331195,27.831707939927096,403.9889057091136,20.369793525098864,0
-28.805562039015847,-58.80152087355326,2625.934576814511,82.22143809662586,19.29818889288191,28.316584118707986,26.954645268243848,1.5628713486502188,423.70373051586307,20.565504485859286,0
44.86301937602542,124.40527643997694,1503.9836345228464,432.96703659924304,4.5439325700159205,27.031000652995555,10.725215063590298,36.418664771629636,404.45683235221225,21.608083375640973,0
-46.884690753849775,43.67264399208156,431.35598880443115,198.28281060692174,4.923328620376797,26.75055694992829,48.22879992186769,71.02539273842714,417.0737143501983,21.522514878918983,0
-0.6275996672026878,-33.57612719100578,1008.017985593142,351.6981513543634,21.129082183782366,26.412277589116595,20.81443305382116,30.745934032258717,385.3569138245165,20.645701197216443,0
68.9625793077484,95.6685108216488,1853.073223480668,45.06137561617669,50.2359532896808,93.84765601867181,20.561507730638528,6.7092272278090554,414.65437750173436,20.493315793797667,1
-57.302378800869306,56.78444704463402,1980.2667032736877,476.8604158214439,6.149177278872363,39.81513979194682,34.92586639471321,7.024451608546711,403.94842463458235,20.47933384180112,0
38.04087005661023,7.969024700714016,935.5035152666876,64.83173345726169,63.71177926025618,73.79627196634102,62.43488258197986,72.66526098411224,423.4821406641145,21.041067262990584,1
-77.85062779926204,-103.87385258269084,1100.2672178751336,256.560180133546,44.224541440854416,31.396705234894743,20.139276373641568,16.692086969126397,426.1733800828524,20.882275410124283,0
-59.697219343596046,48.26481905927025,734.3971907009073,124.13864180184041,3.498364648322937,34.00667078981585,3.963829032712629,76.0689836759438,395.2967068994783,20.33995612006603,0
12.643438690090491,144.52545755065836,831.8171318321929,55.073029001402126,27.367890280943122,29.28806981999497,32.3143852672244,27.906596578001242,432.97301774994537,20.610587650043527,0
-21.083214658967407,-89.16661403690445,1507.683495371161,484.5843867557358,12.205533231478622,29.381052287190734,89.00733845794174,84.12305636104148,450.45557242816994,20.90959824701662,0
6.151404524895327,-168.43909810402226,1550.3488255010752,41.2259461036059,6.795537738047271,32.98539901834761,8.268775353043601,96.66942858810056,453.3498011064164,20.493909797018535,0
3.224222319988016,-137.90853814531042,2098.3500561972323,244.18517716997385,30.188744238767207,20.698934243140254,60.43245193421045,21.343032106538274,419.5745025516414,21.916375360884945,0
10.011396696951323,-171.99225509570692,2872.861141242821,397.03473850703466,16.19049635100372,27.39112683816481,4.2039183833114,77.65191297888917,399.3050872690719,21.84522682130138,0
58.99501645298918,-169.6449570527914,710.616234859217,422.5917985561253,22.83490051678714,32.7905541222625,36.2380240819982,41.19628187282793,417.67868752559696,20.418713382476053,0
-78.80145405923444,40.870337960506276,2602.3854323103847,311.0832710195366,25.474661831620026,31.455190406809677,17.205942757902083,97.57609183987019,467.16675080978797,21.49589830403667,0
5.7346667844331165,-77.14516637842492,1871.7029073327585,143.991255599935,13.912829963174111,29.54777762233083,19.564041488768613,32.928504587194205,425.41855234732554,20.860663116937218,0
-10.750503433280201,4.963417525700123,335.03869387619324,386.9405283863022,14.563304409410014,25.910717358013535,14.224093083332923,96.76398078856445,373.0329175961656,21.0983748019061,0
10.596997465119387,145.97483204438385,2011.4020231959314,58.77721438687125,25.766555959467162,29.513703156153976,72.59376965485622,76.47884036535262,452.1642234877005,20.973049515352923,0
-8.877034732559395,-105.11142324281987,711.0664383249363,255.67941275610113,33.9559302041728,64.16231864737509,11.810372782822009,12.731530397360514,413.9233854346181,20.86178799367947,1
68.85168014450377,53.82777681171834,512.2591638556189,346.2873622754089,19.040760410471748,43.49683966470883,83.77790726453861,94.70398831927335,419.66945305443113,20.707240603514602,1
10.770456649328807,49.616049463200596,1719.8653091476883,286.91895395126863,31.284787417104194,35.65227978938751,97.48701949331962,73.39743423258413,435.85866368097163,20.926782229936318,1
19.918746011169688,111.2575894222162,1991.108454293242,347.36073697250833,9.624550941649112,28.157312248406626,14.107684392268371,73.76358515903024,418.8507346866203,20.449843574092395,0
1.4916881783782117,123.84528427638736,5.744063899626117,297.72390307563984,32.07362808406075,35.66290061993493,58.42061111369936,80.19790435513805,447.5046051939367,20.957643354883746,1
-33.72840755455172,-159.60966397104823,1394.9817026334947,54.29387440626408,19.704322082155514,29.684400042224272,22.884139751944854,37.810124760107556,421.841448789192,20.957233989642962,0
-0.25106405977219026,141.10483555302977,0.003257253378352587,90.55633480830478,1.8318171316936365,35.08356647194203,95.92602376319105,1.9865080760205545,415.6881806945602,20.757180605069845,0
-22.166372596645388,100.06170756378145,1989.7117972009355,490.74431893676007,7.552618912727739,28.148882545045833,94.74016262555006,27.788207737662283,416.73836316082924,21.45970077566721,0
45.43905759498051,136.9866804347218,2696.010219716761,246.3279019095027,30.207237882653295,64.6983049343897,17.320014512440096,56.839328851025364,393.7444195118809,20.036086661901614,1
-85.6181143078974,-73.38556008659305,1137.8461662702,151.9547352062926,37.93969339562012,24.730280230219734,29.816796236701194,39.04453185764194,421.6377792370528,21.27370881003159,0
-76.44964990782191,104.23444468923634,2809.6924573521887,469.81893653104834,1.0914675972189123,27.637284140012714,77.66473479060991,3.0767422028536218,412.1924881326796,21.078249792723827,0
-78.50113230108579,-124.54411110331891,1969.0810063411607,413.7866825825252,33.020037638876865,23.32841841134632,73.60688048407337,69.9676395703155,414.41824286856195,21.483881030302236,0
-60.66922537368725,115.01956986376655,1596.200414843884,27.96137848594279,56.37994862799211,111.22027493441003,76.10845842775143,8.664835834069217,469.3176380620529,21.7507623127268,1
21.50675063009355,-132.15208794736424,509.5219380597603,176.33587172709517,12.183178325712522,18.793941775678192,42.305117789110724,66.33851123276813,395.6572462554441,21.22465162901359,0
-31.91520634870959,2.17583146007928,354.55086013646263,282.0538724533502,24.024937065191097,55.1483228767902,30.69611384144393,66.23104216558076,411.9126886488538,21.06036920245188,1
-9.547546669177521,129.54975476936272,1170.075164115969,88.14074278109884,14.427683989077694,30.772259089691964,72.64089494617477,99.85715069319969,436.9505608794184,21.7204978064456,0
71.31436309886985,145.96843031897504,356.845961384889,343.7982595601413,9.5199272025556,42.44359399249775,88.73707867702974,17.536973671172518,413.3110949958522,20.950394399462827,0
-36.222317011275315,-44.50715324908768,545.1867004782794,397.51718659163197,18.979051820422505,24.83770824053153,62.432152844684005,67.84090813587383,447.43386907074756,21.583059397402703,0
-67.48614936861668,-72.1288393505488,1011.9475996590274,19.67152722785218,34.121436170191345,27.80015777673566,46.664697623521704,12.261448555549837,397.71923492246617,21.286967910658475,0
0.5293832688740849,39.61436899818091,1114.7325475305793,324.31088071180176,14.675029973644396,32.66539832760694,49.79730219034606,82.4690404084175,412.30559583931404,21.37974747849122,0
19.436172006038504,109.68617521938813,2732.65051992732,66.95615980725036,8.03966892927299,31.744035690991684,20.63854528610016,35.6830493675057,435.1318802052542,20.71139614548725,0
17.95552914126712,81.87842364025045,783.627011520055,298.2405394919709,19.429813012281638,50.82456871825225,17.18259819283152,83.47496086451,438.1477224560346,20.45712590240329,1
-30.759824805127707,108.05449284300204,2716.6412278213606,10.947811371558846,0.3895388204542165,31.6036027555429,11.53179190035093,24.568737691298402,406.8753519636956,21.0911768460064,0
37.630646533493945,-9.968831500516757,338.60259490470213,50.06110750611188,-14.779809570914693,27.414594711218587,23.674357741671937,57.72411924350082,400.6134817362699,21.170285370665205,0
52.35392249909242,-3.5799317646994666,821.1903119471378,79.94299948468758,13.717650700682295,34.98547481437822,41.01083309072324,80.84780913122474,409.33141011844094,20.071122807943027,0
-46.429948665823865,63.041114363048024,1017.0176956498993,343.13412044980595,19.40001627692983,20.084267857106553,29.531597820490873,90.41832681102761,427.0028068547725,21.17992183054987,0
-53.18681294638684,-121.90444804920583,2958.2945410600614,347.17214118442195,35.53338137617613,44.75418800544255,25.248702015887524,24.600727396718057,437.0315452240535,20.170886773156173,1
8.236817891350583,116.17792635724516,1422.0143036065615,194.40184866764105,9.962342187468483,32.05659584813539,62.897932649304856,70.65901662145848,389.9974380232871,21.36494065413259,0
-2.7813773152211354,-125.84995523272173,1084.0503204443992,234.26096946430272,8.263287699515956,28.6648808696496,4.204228731037862,2.9251002408465454,424.6882694113344,20.522878595168407,0
-42.98212079682881,121.04023866373439,1931.3073920468428,98.04020434916526,10.975695414459588,29.643073978717673,24.52948617182068,63.88124322425192,423.98821696064294,20.587841700380583,0
4.428089101209437,-128.1534618403365,868.5046212416779,191.92806167882492,22.075300178849083,24.652834253063975,64.45612245547805,92.25372204890724,408.10868965680777,20.954887135143604,0
69.33694948555456,53.24981333116341,882.6078652217856,249.3528272959059,1.3684332811675723,34.53076261025167,76.3601696159019,73.44322706606859,422.08371761510364,21.848214187471235,0
78.88996266509639,-158.16327800654122,1405.3706152245416,393.55075822972026,15.721508967945056,39.897400014705624,40.885935621139026,58.297141948067356,446.37726033948326,20.436018531417215,1
50.816953868960354,-150.2389665505773,2195.7135870830075,14.370811667750564,32.22725900303427,31.508806836287736,6.492664342082999,41.61206321515177,401.4480011821902,20.925120512904947,0
47.10866083461545,43.27487844445335,2901.780116953618,247.0506660369168,15.29375885050055,32.03941153790785,6.5181794235024455,60.198288712176826,420.2236727254305,21.94688947326654,0
-48.38312802273507,-74.71489514126769,1856.474715630821,53.99015141606679,29.11327736999275,23.322600633987328,91.65733039009804,16.148646048055326,422.82897840278764,20.865037680326203,0
-54.790019846872774,-51.387611415109745,2593.7978982342393,301.8335864205188,26.59169162686357,52.5518757434149,14.77809862651862,42.421489744929296,464.4310249526961,21.849614422729967,1
14.555126051426583,-128.83599170706492,2222.8585461302423,82.3643605671697,48.91609747259685,109.74067809237556,0.8125474456356918,93.99774619906275,413.04835172320134,20.549089116773256,1
25.04679094276547,-1.29843488180191,786.3619491147763,423.97205482161195,5.760512136078452,28.128249861121446,44.8587958595297,85.99119135658209,417.4655457178322,21.43330739420299,0
-81.29524721468115,11.37485663896598,1488.0051687473072,479.0970290275822,15.905128667787213,44.83142099247011,2.0065776305523197,73.27626211761513,405.6066076961043,20.649917440080504,1
-79.26902963919908,171.4027151865663,1136.93236916917,124.62753749445515,41.275562161423856,34.31594947710431,61.93169000046588,19.448228598315843,397.3198275939264,21.537187436706517,0
74.10710933486254,-58.44989812647769,1626.1587442382415,418.6195563077707,-2.2501021808376436,36.05963729818328,76.14142080164622,64.55059557793987,386.06904637771856,20.872752455461868,0
-86.69552181364661,-99.42069011856749,1927.4987710065009,490.9886195518861,17.16337121133215,35.08520269111796,74.90645950232413,92.74522629112354,401.6523847829719,21.27858839770524,1
-86.55125576354031,106.59825590308373,2879.0520444662507,314.4590080597389,18.743172954911604,27.552266178010907,80.9389532937619,61.46387206490195,401.1874152764852,20.30395328209646,0
-7.2735847880976365,-82.76546258213044,2426.232181262388,381.78348658689583,29.13022109349434,42.86222361412231,17.207265168315246,10.282185283651945,436.77576002265675,19.654187615742746,1
-26.351928231610565,-97.26435495923144,2145.475322081849,160.18312343584057,27.481628336024254,66.48067100811397,98.86768477572083,30.187600979713693,405.1960401295126,21.598419042638337,1
-14.64902268649179,-129.65378500417177,2513.9736589775907,463.8439706081484,7.6940913707025524,30.778636677474623,42.04656043709976,59.62826822217154,429.3979355324601,20.51831662597465,0
-46.1202114718885,105.78418110740444,1406.2541806810277,154.64348061281925,20.742174466445114,82.38135135956696,92.84441398064719,80.08711961943831,404.4751873970672,20.91049495758438,1
-52.89272629298743,79.34734045582695,1305.874822009512,265.01654328356494,-2.083442735367619,25.500780881047888,61.90511254688049,86.47379291573628,447.2914031250915,20.52783314023961,0
41.40396249825676,89.53956274699487,105.70148536673362,114.63508703077116,11.079558761262044,35.389301803396116,16.351891485488757,19.14118305871907,442.98403708699567,20.345375023181056,0
-80.2910191085321,48.87663883665331,2847.1014177134043,376.82870660371384,6.021497590120603,34.590472698933354,83.73766200517619,14.690393303318427,386.2303281064913,20.92208476221243,0
-14.013970341375853,-93.61044015597261,1465.6665172404676,177.87462688236647,10.66936693660919,68.71018624297207,52.733577693782976,53.27090432582733,447.43111651809227,21.411377542872444,1
-71.30984427294852,-10.53467441823014,1098.2426043999799,496.0314710394709,35.47666733246914,44.468686974904344,57.3397845775101,58.188200207091754,404.0964859001697,21.416190424074546,1
21.012793752513176,38.35971005781616,645.4986918297011,286.2115389444203,1.5893803299925384,32.89661168791614,71.191916197459,41.93757250994585,443.72192971561424,21.943484525048614,0
36.31414479314839,36.08692560720547,1719.337033622523,497.2836117737216,23.433662252846123,31.294636559753272,34.63451456483318,32.83243037052106,435.3116644480199,21.807829158187243,0
-76.56837044382593,-107.8746864474153,2963.3127353446166,199.2116027787009,27.331790455233012,36.66885292869913,35.54566236508712,9.42017647815836,421.41523930352434,21.111549677457152,0
-29.35608840126482,122.60877450546286,178.23410586514544,487.96156978976325,36.137555084402535,39.74392245346013,68.01168664913631,29.064235893618495,408.01044095132266,21.017924985906834,0
-60.50195502236862,-140.84206623464672,2363.8354345506823,85.19992255544874,12.298740984506127,31.583285020958886,0.5823339933604621,11.038766361823637,409.247002675418,21.82962563770169,0
8.482670216250327,-156.8592223714211,1916.5946184899678,381.42056853320645,7.146285077799689,23.611433483838105,71.41386496634414,58.013428140170376,402.6210328886891,20.881281811957574,0
62.88872872773638,86.30332067664222,1926.329117453695,29.966425441160524,68.91204154932396,92.58811561309244,22.75991788360293,33.09885869865765,430.527106160128,21.257730943028363,1
84.27981038498689,-169.08158758456764,2863.255952197085,473.32346751417634,27.178607314943548,33.41259204990384,18.693794923179354,78.45084058995295,402.06821383392776,20.5459239960182,1
20.465225067892078,50.033634146019494,208.00524706137313,453.37720102552004,9.81688882747814,41.060450660954885,98.82264096708835,21.531391081724692,414.8324465453327,20.80697045535793,1
-78.05569103842498,-161.20452487948367,2343.162027360748,201.26185095620073,44.755220421669996,66.8787287542964,20.28564962952819,92.0635994139288,424.48577233558836,21.02213281084852,1
31.236211252694034,-127.74170827924942,1702.1058694114813,184.46438098774232,12.24278086832897,27.011771072415282,55.02023926607645,25.964490381181925,423.4873740617275,21.33499052963278,0
87.80905869485764,64.57413985186122,2029.5878872094893,366.0401368059855,39.222480008746146,50.729801056016285,64.90631283228362,73.88901751875765,429.3555904902395,20.531336375873952,1
6.055433029356635,-138.29736467932304,602.5716005861804,230.65382754965424,22.172520289723153,73.07830761047421,82.63445954084186,27.48459247856603,419.289270690501,20.570808520039858,1
-0.6909670473254579,-135.86547866319245,2066.23751488854,110.45115570470644,29.3840085707372,98.54356895022909,24.884861765200018,41.15125366226384,408.0127904776945,20.55518514939524,1
-5.29853049626827,57.70570744780275,2520.4039920143814,448.0681275721797,20.12791979978038,43.17533344255431,22.54506848792498,2.3193395348027668,432.00137931969766,20.41658560743188,1
3.7294607074086343,-167.99515141930647,1238.6133535179333,95.70067657317254,20.302205061471675,84.16145848725024,90.0743464099809,83.79894021033803,434.05182261256925,21.198704262428112,1
81.06065275262961,89.28963968181728,201.92316677179866,51.55811716781903,9.010168824795842,37.20982977957091,19.135404198083428,17.49413462253796,434.8193380145941,21.205918876093204,0
17.06041017425943,24.050776671888485,2145.3342007223246,449.4948733107667,18.824471179437868,41.92943427911581,98.73289044232263,85.65378271187106,413.2816778403637,21.39877003570151,1
61.585952831947026,170.20292299970293,1450.197806278108,48.92184377431476,22.106852087966956,31.117226976646215,11.34682865990646,74.53206048699285,452.03931179494685,20.751829243833544,0
9.57068126414184,81.87854335670517,564.8746055590719,145.81547911735763,28.239883810620448,67.55176287126281,93.69848586003536,30.069368578254586,425.1544877062253,20.657808274609078,1
50.1957166045147,166.38860182236186,79.5285304374428,15.471655403407963,9.100023934790944,21.99070373343983,53.3177153944746,84.94793911568242,397.08459781617336,20.096628231925536,0
83.82015864183444,-70.70778102428507,1031.8756127724002,32.67581142366856,23.382994109365573,35.759514736552894,4.455656895158655,81.01771527622834,362.9909826939796,20.779152502431682,0
-24.892878418300725,131.2855066261004,9.84175214353411,256.86426176921077,12.71530514775834,25.336244397064736,92.21034272960118,54.25616017544287,411.65001920590646,21.23443259235287,0
9.362025451569792,76.07903350886778,1486.9756732097528,46.50222844423749,0.8349137803155582,37.188935885481264,92.77259928423224,37.81071343775763,442.5485972550871,20.964420170710685,0
-19.12250958554452,136.48266901845693,330.52249898979113,306.5463686900612,17.41942255624614,32.630335654287116,10.199202476803737,45.95871921105162,404.9930327528451,21.35996522088712,0
0.8107823171079218,-30.960070098868044,2249.8480504420213,462.19348629396666,34.67213573456846,45.099477169195325,97.33274367571785,58.696631635986954,464.90011747803123,21.34958110874466,1
26.563006117893735,-135.39005093760295,2245.736236446309,113.397627298278,29.56011190723581,27.300491960012554,80.09120636403428,81.31637187939677,446.1174768332399,21.373241872161096,0
-26.390442858315282,-120.75814913234089,459.1443691160756,205.52038247123767,20.61651345320683,29.10481508257856,89.45868676562412,67.39649543456026,427.74531947116304,20.41288213893109,0
28.268708764012317,-122.5374547143459,1947.0803518118576,220.5378396020324,29.877158483191934,29.286741162343354,18.23084798260579,55.23604790582014,392.38348233789236,20.904930172063303,0
10.191204309273317,89.27824160484232,132.4530974241016,316.47281017364685,16.13746468645924,28.05495012902525,28.19849956519781,42.811390269942365,420.4800580661925,21.870167976658085,0
-38.4519473015601,-8.037022264270973,805.5250485000344,282.6884549938257,10.984058271784859,31.258564438714888,68.5866334417405,39.31984503342354,424.38361113569886,20.55637821334253,0
26.220752761149697,86.06292801793433,420.4711322598333,305.72031209674503,-6.220320769816368,27.572155072624955,19.487262193666645,18.00455152166631,397.713026340897,21.209769204462763,0
-0.054336208180345125,-128.6993124359704,1015.0227474242963,116.9226233853759,19.63855463568831,32.20509249593485,47.77902409215385,55.89152794816676,413.1373032776759,21.10991162858107,0
-45.269405501873585,-44.34914462163559,2941.359308693669,432.1514158230489,5.306485441348174,21.019039855368483,37.6639342541047,1.0658555987357765,420.29127807504744,20.813503843900474,0
29.135406902298854,169.49638894434293,1717.0101784154263,386.5418897105226,31.13044137885965,33.71203667865901,84.93000158747098,95.28444070394376,405.4628294054496,20.96753524115195,0
-88.0744842812727,-111.34399233720978,927.6299944302509,205.0512070599138,20.959733743628718,33.98193817039123,75.39798059756866,75.86102919272194,408.96179949903166,20.899976770915686,0
-4.395779176259595,36.69810999485986,2660.0288372448754,328.7640054540662,16.42286621880896,26.398072245780824,69.66099047366052,38.611243521198766,421.8543039538683,20.90506979338298,0
